00:56:53 | INFO: Starting glTF 2.0 export
00:56:53 | INFO: Extracting primitive: BREACH_ExposedAggregate.001
00:56:53 | INFO: Primitives created: 1
00:56:53 | INFO: Extracting primitive: BREACH_GroundedAngularRubble.002
00:56:53 | INFO: Primitives created: 2
00:56:53 | INFO: Extracting primitive: BREACH_Hairline.001
00:56:53 | INFO: Primitives created: 1
00:56:53 | INFO: Extracting primitive: BREACH_Hairline.002
00:56:53 | INFO: Primitives created: 1
00:56:53 | INFO: Extracting primitive: BREACH_Hairline.003
00:56:53 | INFO: Primitives created: 1
00:56:53 | INFO: Extracting primitive: BREACH_Hairline.004
00:56:53 | INFO: Primitives created: 1
00:56:53 | INFO: Extracting primitive: BREACH_Hairline.005
00:56:53 | INFO: Primitives created: 1
00:56:53 | INFO: Extracting primitive: BREACH_Hairline.006
00:56:53 | INFO: Primitives created: 1
00:56:53 | INFO: Extracting primitive: BREACH_Hairline.007
00:56:53 | INFO: Primitives created: 1
00:56:53 | INFO: Extracting primitive: BREACH_Hairline.008
00:56:53 | INFO: Primitives created: 1
00:56:53 | INFO: Extracting primitive: BREACH_Hairline.009
00:56:53 | INFO: Primitives created: 1
00:56:53 | INFO: Extracting primitive: BREACH_Hairline.010
00:56:53 | INFO: Primitives created: 1
00:56:53 | INFO: Extracting primitive: BREACH_Hairline.011
00:56:53 | INFO: Primitives created: 1
00:56:53 | INFO: Extracting primitive: BREACH_Hairline.012
00:56:53 | INFO: Primitives created: 1
00:56:53 | INFO: Extracting primitive: BREACH_Hairline.013
00:56:53 | INFO: Primitives created: 1
00:56:53 | INFO: Extracting primitive: BREACH_Hairline.014
00:56:53 | INFO: Primitives created: 1
00:56:53 | INFO: Extracting primitive: BREACH_Hairline.015
00:56:53 | INFO: Primitives created: 1
00:56:53 | INFO: Extracting primitive: BREACH_Hairline.016
00:56:53 | INFO: Primitives created: 1
00:56:53 | INFO: Extracting primitive: BREACH_Hairline.017
00:56:53 | INFO: Primitives created: 1
00:56:53 | INFO: Extracting primitive: BREACH_Hairline.018
00:56:53 | INFO: Primitives created: 1
00:56:53 | INFO: Extracting primitive: BREACH_Hairline.019
00:56:53 | INFO: Primitives created: 1
00:56:53 | INFO: Extracting primitive: BREACH_Hairline.020
00:56:53 | INFO: Primitives created: 1
00:56:53 | INFO: Extracting primitive: BREACH_Hairline.021
00:56:53 | INFO: Primitives created: 1
00:56:53 | INFO: Extracting primitive: BREACH_Hairline.022
00:56:53 | INFO: Primitives created: 1
00:56:53 | INFO: Extracting primitive: BREACH_Hairline.023
00:56:53 | INFO: Primitives created: 1
00:56:53 | INFO: Extracting primitive: BREACH_Hairline.024
00:56:53 | INFO: Primitives created: 1
00:56:53 | INFO: Extracting primitive: BREACH_Hairline.025
00:56:53 | INFO: Primitives created: 1
00:56:53 | INFO: Extracting primitive: BREACH_Hairline
00:56:53 | INFO: Primitives created: 1
00:56:53 | INFO: Extracting primitive: BREACH_LayeredSpalledRim.002
00:56:53 | INFO: Primitives created: 2
00:56:53 | INFO: Extracting primitive: BREACH_Rebar_0_00_L
00:56:53 | INFO: Primitives created: 1
00:56:53 | INFO: Extracting primitive: BREACH_Rebar_0_00_R
00:56:53 | INFO: Primitives created: 1
00:56:53 | INFO: Extracting primitive: BREACH_Rebar_0_01_L
00:56:53 | INFO: Primitives created: 1
00:56:53 | INFO: Extracting primitive: BREACH_Rebar_0_01_R
00:56:53 | INFO: Primitives created: 1
00:56:53 | INFO: Extracting primitive: BREACH_Rebar_0_02_L
00:56:53 | INFO: Primitives created: 1
00:56:53 | INFO: Extracting primitive: BREACH_Rebar_0_02_R
00:56:53 | INFO: Primitives created: 1
00:56:53 | INFO: Extracting primitive: BREACH_Rebar_0_03_L
00:56:53 | INFO: Primitives created: 1
00:56:53 | INFO: Extracting primitive: BREACH_Rebar_0_03_R
00:56:53 | INFO: Primitives created: 1
00:56:53 | INFO: Extracting primitive: BREACH_Rebar_0_04_L
00:56:53 | INFO: Primitives created: 1
00:56:53 | INFO: Extracting primitive: BREACH_Rebar_0_04_R
00:56:53 | INFO: Primitives created: 1
00:56:53 | INFO: Extracting primitive: BREACH_Rebar_0_05_L
00:56:53 | INFO: Primitives created: 1
00:56:53 | INFO: Extracting primitive: BREACH_Rebar_0_05_R
00:56:53 | INFO: Primitives created: 1
00:56:53 | INFO: Extracting primitive: BREACH_Rebar_0_06_L
00:56:53 | INFO: Primitives created: 1
00:56:53 | INFO: Extracting primitive: BREACH_Rebar_0_06_R
00:56:53 | INFO: Primitives created: 1
00:56:53 | INFO: Extracting primitive: BREACH_Rebar_0_07_L
00:56:53 | INFO: Primitives created: 1
00:56:53 | INFO: Extracting primitive: BREACH_Rebar_0_07_R
00:56:53 | INFO: Primitives created: 1
00:56:53 | INFO: Extracting primitive: BREACH_Rebar_0_08_L
00:56:53 | INFO: Primitives created: 1
00:56:53 | INFO: Extracting primitive: BREACH_Rebar_0_08_R
00:56:53 | INFO: Primitives created: 1
00:56:53 | INFO: Extracting primitive: BREACH_Rebar_0_09_L
00:56:53 | INFO: Primitives created: 1
00:56:53 | INFO: Extracting primitive: BREACH_Rebar_0_09_R
00:56:53 | INFO: Primitives created: 1
00:56:53 | INFO: Extracting primitive: BREACH_Rebar_0_10_L
00:56:53 | INFO: Primitives created: 1
00:56:53 | INFO: Extracting primitive: BREACH_Rebar_0_10_R
00:56:53 | INFO: Primitives created: 1
00:56:53 | INFO: Extracting primitive: BREACH_Rebar_0_11_L
00:56:53 | INFO: Primitives created: 1
00:56:53 | INFO: Extracting primitive: BREACH_Rebar_0_11_R
00:56:53 | INFO: Primitives created: 1
00:56:53 | INFO: Extracting primitive: BREACH_Rebar_0_12_L
00:56:53 | INFO: Primitives created: 1
00:56:53 | INFO: Extracting primitive: BREACH_Rebar_0_12_R
00:56:53 | INFO: Primitives created: 1
00:56:53 | INFO: Extracting primitive: BREACH_Rebar_1_00_L
00:56:53 | INFO: Primitives created: 1
00:56:53 | INFO: Extracting primitive: BREACH_Rebar_1_00_R
00:56:53 | INFO: Primitives created: 1
00:56:53 | INFO: Extracting primitive: BREACH_Rebar_1_01_L
00:56:53 | INFO: Primitives created: 1
00:56:53 | INFO: Extracting primitive: BREACH_Rebar_1_01_R
00:56:53 | INFO: Primitives created: 1
00:56:53 | INFO: Extracting primitive: BREACH_Rebar_1_02_L
00:56:53 | INFO: Primitives created: 1
00:56:53 | INFO: Extracting primitive: BREACH_Rebar_1_02_R
00:56:53 | INFO: Primitives created: 1
00:56:53 | INFO: Extracting primitive: BREACH_Rebar_1_03_L
00:56:53 | INFO: Primitives created: 1
00:56:53 | INFO: Extracting primitive: BREACH_Rebar_1_03_R
00:56:53 | INFO: Primitives created: 1
00:56:53 | INFO: Extracting primitive: BREACH_Rebar_1_04_L
00:56:53 | INFO: Primitives created: 1
00:56:53 | INFO: Extracting primitive: BREACH_Rebar_1_04_R
00:56:53 | INFO: Primitives created: 1
00:56:53 | INFO: Extracting primitive: BREACH_Rebar_1_05_L
00:56:53 | INFO: Primitives created: 1
00:56:53 | INFO: Extracting primitive: BREACH_Rebar_1_05_R
00:56:53 | INFO: Primitives created: 1
00:56:53 | INFO: Extracting primitive: BREACH_Rebar_1_06_L
00:56:53 | INFO: Primitives created: 1
00:56:53 | INFO: Extracting primitive: BREACH_Rebar_1_06_R
00:56:53 | INFO: Primitives created: 1
00:56:53 | INFO: Extracting primitive: BREACH_Rebar_1_07_L
00:56:53 | INFO: Primitives created: 1
00:56:53 | INFO: Extracting primitive: BREACH_Rebar_1_07_R
00:56:53 | INFO: Primitives created: 1
00:56:53 | INFO: Extracting primitive: BREACH_Rebar_1_08_L
00:56:53 | INFO: Primitives created: 1
00:56:53 | INFO: Extracting primitive: BREACH_Rebar_1_08_R
00:56:53 | INFO: Primitives created: 1
00:56:53 | INFO: Extracting primitive: BREACH_Rebar_1_09_L
00:56:53 | INFO: Primitives created: 1
00:56:53 | INFO: Extracting primitive: BREACH_Rebar_1_09_R
00:56:53 | INFO: Primitives created: 1
00:56:53 | INFO: Extracting primitive: BREACH_Rebar_1_10_L
00:56:53 | INFO: Primitives created: 1
00:56:53 | INFO: Extracting primitive: BREACH_Rebar_1_10_R
00:56:53 | INFO: Primitives created: 1
00:56:53 | INFO: Extracting primitive: BREACH_Rebar_1_11_L
00:56:53 | INFO: Primitives created: 1
00:56:53 | INFO: Extracting primitive: BREACH_Rebar_1_11_R
00:56:53 | INFO: Primitives created: 1
00:56:53 | INFO: Extracting primitive: BREACH_Rebar_1_12_L
00:56:53 | INFO: Primitives created: 1
00:56:53 | INFO: Extracting primitive: BREACH_Rebar_1_12_R
00:56:53 | INFO: Primitives created: 1
00:56:53 | INFO: Extracting primitive: GP_FenceSection_0.002
00:56:53 | INFO: Primitives created: 1
00:56:53 | INFO: Extracting primitive: GP_FenceSection_0.003
00:56:53 | INFO: Primitives created: 1
00:56:53 | INFO: Extracting primitive: GP_FenceSection_1.002
00:56:53 | INFO: Primitives created: 1
00:56:53 | INFO: Extracting primitive: GP_FenceSection_1.003
00:56:53 | INFO: Primitives created: 1
00:56:53 | INFO: Extracting primitive: GP_FenceSection_2.001
00:56:53 | INFO: Primitives created: 1
00:56:53 | INFO: Extracting primitive: GP_RebarRibs.001
00:56:53 | INFO: Primitives created: 1
00:56:53 | INFO: Extracting primitive: GP_VentDuct_L1_0.001
00:56:54 | WARNING: More than one shader node tex image used for a texture. The resulting glTF sampler will behave like the first shader node tex image.
00:56:54 | INFO: Primitives created: 1
00:56:54 | INFO: Extracting primitive: GP_VentDuct_L1_1.001
00:56:54 | INFO: Primitives created: 1
00:56:54 | INFO: Extracting primitive: GP_VentDuct_L1_2.001
00:56:54 | INFO: Primitives created: 1
00:56:54 | INFO: Extracting primitive: GP_VentDuct_L1_3.001
00:56:54 | INFO: Primitives created: 1
00:56:54 | INFO: Extracting primitive: GP_VentDuct_L1_4.001
00:56:54 | INFO: Primitives created: 1
00:56:54 | INFO: Extracting primitive: GP_VentDuct_L1_5.001
00:56:54 | INFO: Primitives created: 1
00:56:54 | INFO: Extracting primitive: GP_VentDuct_L2_0.001
00:56:54 | INFO: Primitives created: 1
00:56:54 | INFO: Extracting primitive: GP_VentDuct_L2_1.001
00:56:54 | INFO: Primitives created: 1
00:56:54 | INFO: Extracting primitive: GP_VentDuct_L2_2.001
00:56:54 | INFO: Primitives created: 1
00:56:54 | INFO: Extracting primitive: GP_VentDuct_L2_3.001
00:56:54 | INFO: Primitives created: 1
00:56:54 | INFO: Extracting primitive: GP_VentDuct_L2_4.001
00:56:54 | INFO: Primitives created: 1
00:56:54 | INFO: Extracting primitive: GP_VentDuct_L2_5.001
00:56:54 | INFO: Primitives created: 1
00:56:54 | INFO: Extracting primitive: GP_VentSupports_L1.002
00:56:54 | INFO: Primitives created: 1
00:56:54 | INFO: Extracting primitive: GP_VentSupports_L2.002
00:56:54 | INFO: Primitives created: 1
00:56:54 | INFO: Extracting primitive: GP_WallCracks_0.001
00:56:54 | INFO: Primitives created: 1
00:56:54 | INFO: Extracting primitive: GP_WallCracks_1.001
00:56:54 | INFO: Primitives created: 1
00:56:54 | INFO: Extracting primitive: GP_WallCracks_2.001
00:56:54 | INFO: Primitives created: 1
00:56:54 | INFO: Extracting primitive: GP_WallCracks_3.001
00:56:54 | INFO: Primitives created: 1
00:56:54 | INFO: Extracting primitive: GP_WallVent_L1_E.001
00:56:54 | INFO: Primitives created: 2
00:56:54 | INFO: Extracting primitive: GP_WallVent_L1_W.001
00:56:54 | INFO: Primitives created: 2
00:56:54 | INFO: Extracting primitive: GP_WallVent_L2_E.001
00:56:54 | INFO: Primitives created: 2
00:56:54 | INFO: Extracting primitive: GP_WallVent_L2_W.001
00:56:54 | INFO: Primitives created: 2
00:56:54 | INFO: Extracting primitive: parking_garage_Cube_002.002
00:56:54 | INFO: Primitives created: 1
00:56:54 | INFO: Extracting primitive: L02_EasedVehicleRamp.002
00:56:54 | INFO: Primitives created: 1
00:56:54 | INFO: Extracting primitive: L02_EastPerimeterClosure.002
00:56:54 | INFO: Primitives created: 1
00:56:54 | INFO: Extracting primitive: parking_garage_Cube_096.003
00:56:54 | INFO: Primitives created: 1
00:56:54 | INFO: Extracting primitive: L02_InterstoreySlab.002
00:56:55 | INFO: Primitives created: 2
00:56:55 | INFO: Extracting primitive: L02_NorthEntranceClosure.002
00:56:55 | INFO: Primitives created: 1
00:56:55 | INFO: Extracting primitive: L02_RampEndBarrier.004
00:56:55 | INFO: Primitives created: 1
00:56:55 | INFO: Extracting primitive: L02_RampEndBarrier.001
00:56:55 | INFO: Primitives created: 1
00:56:55 | INFO: Extracting primitive: L02_RampFoundation.002
00:56:55 | INFO: Primitives created: 1
00:56:55 | INFO: Extracting primitive: L02_RampParapet.002
00:56:55 | INFO: Primitives created: 1
00:56:55 | INFO: Extracting primitive: L02_RampParapet.003
00:56:55 | INFO: Primitives created: 1
00:56:55 | INFO: Extracting primitive: L02_RampParapet.004
00:56:55 | INFO: Primitives created: 1
00:56:55 | INFO: Extracting primitive: L02_RampParapet.005
00:56:55 | INFO: Primitives created: 1
00:56:55 | INFO: Extracting primitive: L02_RampParapet.006
00:56:55 | INFO: Primitives created: 1
00:56:55 | INFO: Extracting primitive: L02_RampParapet.007
00:56:55 | INFO: Primitives created: 1
00:56:55 | INFO: Extracting primitive: L02_RampParapet.008
00:56:55 | INFO: Primitives created: 1
00:56:55 | INFO: Extracting primitive: L02_RampParapet.009
00:56:55 | INFO: Primitives created: 1
00:56:55 | INFO: Extracting primitive: L02_RampParapet.010
00:56:55 | INFO: Primitives created: 1
00:56:55 | INFO: Extracting primitive: L02_RampParapet.011
00:56:55 | INFO: Primitives created: 1
00:56:55 | INFO: Extracting primitive: L02_RampParapet.012
00:56:55 | INFO: Primitives created: 1
00:56:55 | INFO: Extracting primitive: L02_RampParapet.013
00:56:55 | INFO: Primitives created: 1
00:56:55 | INFO: Extracting primitive: L02_RampParapet.014
00:56:55 | INFO: Primitives created: 1
00:56:55 | INFO: Extracting primitive: L02_RampParapet.015
00:56:55 | INFO: Primitives created: 1
00:56:55 | INFO: Extracting primitive: L02_RampParapet.016
00:56:55 | INFO: Primitives created: 1
00:56:55 | INFO: Extracting primitive: L02_RampParapet.017
00:56:55 | INFO: Primitives created: 1
00:56:55 | INFO: Extracting primitive: L02_RampParapet.018
00:56:55 | INFO: Primitives created: 1
00:56:55 | INFO: Extracting primitive: L02_RampParapet.019
00:56:55 | INFO: Primitives created: 1
00:56:55 | INFO: Extracting primitive: L02_RampParapet.020
00:56:55 | INFO: Primitives created: 1
00:56:55 | INFO: Extracting primitive: L02_RampParapet.021
00:56:55 | INFO: Primitives created: 1
00:56:55 | INFO: Extracting primitive: L02_RampParapet.022
00:56:55 | INFO: Primitives created: 1
00:56:55 | INFO: Extracting primitive: L02_RampParapet.023
00:56:55 | INFO: Primitives created: 1
00:56:55 | INFO: Extracting primitive: L02_RampParapet.024
00:56:55 | INFO: Primitives created: 1
00:56:55 | INFO: Extracting primitive: L02_RampParapet.025
00:56:55 | INFO: Primitives created: 1
00:56:55 | INFO: Extracting primitive: L02_RampParapet.026
00:56:55 | INFO: Primitives created: 1
00:56:55 | INFO: Extracting primitive: L02_RampParapet.027
00:56:55 | INFO: Primitives created: 1
00:56:55 | INFO: Extracting primitive: L02_RampParapet.028
00:56:55 | INFO: Primitives created: 1
00:56:55 | INFO: Extracting primitive: L02_RampParapet.029
00:56:55 | INFO: Primitives created: 1
00:56:55 | INFO: Extracting primitive: L02_RampParapet.030
00:56:55 | INFO: Primitives created: 1
00:56:55 | INFO: Extracting primitive: L02_RampParapet.031
00:56:55 | INFO: Primitives created: 1
00:56:55 | INFO: Extracting primitive: L02_RampParapet.032
00:56:55 | INFO: Primitives created: 1
00:56:55 | INFO: Extracting primitive: L02_RampParapet.033
00:56:55 | INFO: Primitives created: 1
00:56:55 | INFO: Extracting primitive: L02_RampParapet.034
00:56:55 | INFO: Primitives created: 1
00:56:55 | INFO: Extracting primitive: L02_RampParapet.035
00:56:55 | INFO: Primitives created: 1
00:56:55 | INFO: Extracting primitive: L02_RampParapet.036
00:56:55 | INFO: Primitives created: 1
00:56:55 | INFO: Extracting primitive: L02_RampParapet.037
00:56:55 | INFO: Primitives created: 1
00:56:55 | INFO: Extracting primitive: L02_RampParapet.038
00:56:55 | INFO: Primitives created: 1
00:56:55 | INFO: Extracting primitive: L02_RampParapet.039
00:56:55 | INFO: Primitives created: 1
00:56:55 | INFO: Extracting primitive: L02_RampParapet.040
00:56:55 | INFO: Primitives created: 1
00:56:55 | INFO: Extracting primitive: L02_RampParapet.041
00:56:55 | INFO: Primitives created: 1
00:56:55 | INFO: Extracting primitive: L02_RampParapet.042
00:56:55 | INFO: Primitives created: 1
00:56:55 | INFO: Extracting primitive: L02_RampParapet.043
00:56:55 | INFO: Primitives created: 1
00:56:55 | INFO: Extracting primitive: L02_RampParapet.044
00:56:55 | INFO: Primitives created: 1
00:56:55 | INFO: Extracting primitive: L02_RampParapet.045
00:56:55 | INFO: Primitives created: 1
00:56:55 | INFO: Extracting primitive: L02_RampParapet.046
00:56:55 | INFO: Primitives created: 1
00:56:55 | INFO: Extracting primitive: L02_RampParapet.047
00:56:55 | INFO: Primitives created: 1
00:56:55 | INFO: Extracting primitive: L02_RampParapet.048
00:56:55 | INFO: Primitives created: 1
00:56:55 | INFO: Extracting primitive: L02_RampParapet.049
00:56:55 | INFO: Primitives created: 1
00:56:55 | INFO: Extracting primitive: L02_RampParapet.050
00:56:55 | INFO: Primitives created: 1
00:56:55 | INFO: Extracting primitive: L02_RampParapet.051
00:56:55 | INFO: Primitives created: 1
00:56:55 | INFO: Extracting primitive: L02_RampParapet.052
00:56:55 | INFO: Primitives created: 1
00:56:55 | INFO: Extracting primitive: L02_RampParapet.053
00:56:55 | INFO: Primitives created: 1
00:56:55 | INFO: Extracting primitive: L02_RampParapet.054
00:56:55 | INFO: Primitives created: 1
00:56:55 | INFO: Extracting primitive: L02_RampParapet.055
00:56:55 | INFO: Primitives created: 1
00:56:55 | INFO: Extracting primitive: L02_RampParapet.056
00:56:55 | INFO: Primitives created: 1
00:56:55 | INFO: Extracting primitive: L02_RampParapet.057
00:56:55 | INFO: Primitives created: 1
00:56:55 | INFO: Extracting primitive: L02_RampParapet.058
00:56:55 | INFO: Primitives created: 1
00:56:55 | INFO: Extracting primitive: L02_RampParapet.059
00:56:55 | INFO: Primitives created: 1
00:56:55 | INFO: Extracting primitive: L02_RampParapet.060
00:56:55 | INFO: Primitives created: 1
00:56:55 | INFO: Extracting primitive: L02_RampParapet.061
00:56:55 | INFO: Primitives created: 1
00:56:55 | INFO: Extracting primitive: L02_RampParapet.062
00:56:55 | INFO: Primitives created: 1
00:56:55 | INFO: Extracting primitive: L02_RampParapet.063
00:56:55 | INFO: Primitives created: 1
00:56:55 | INFO: Extracting primitive: L02_RampParapet.064
00:56:55 | INFO: Primitives created: 1
00:56:55 | INFO: Extracting primitive: L02_RampParapet.065
00:56:55 | INFO: Primitives created: 1
00:56:55 | INFO: Extracting primitive: L02_RampParapet.066
00:56:55 | INFO: Primitives created: 1
00:56:55 | INFO: Extracting primitive: L02_RampParapet.067
00:56:55 | INFO: Primitives created: 1
00:56:55 | INFO: Extracting primitive: L02_RampParapet.068
00:56:55 | INFO: Primitives created: 1
00:56:55 | INFO: Extracting primitive: L02_RampParapet.069
00:56:55 | INFO: Primitives created: 1
00:56:55 | INFO: Extracting primitive: L02_RampParapet.070
00:56:55 | INFO: Primitives created: 1
00:56:55 | INFO: Extracting primitive: L02_RampParapet.071
00:56:55 | INFO: Primitives created: 1
00:56:55 | INFO: Extracting primitive: L02_RampParapet.072
00:56:55 | INFO: Primitives created: 1
00:56:55 | INFO: Extracting primitive: L02_RampParapet.073
00:56:55 | INFO: Primitives created: 1
00:56:55 | INFO: Extracting primitive: L02_RampParapet.074
00:56:55 | INFO: Primitives created: 1
00:56:55 | INFO: Extracting primitive: L02_RampParapet.075
00:56:55 | INFO: Primitives created: 1
00:56:55 | INFO: Extracting primitive: L02_RampParapet.076
00:56:55 | INFO: Primitives created: 1
00:56:55 | INFO: Extracting primitive: L02_RampParapet.077
00:56:55 | INFO: Primitives created: 1
00:56:55 | INFO: Extracting primitive: L02_RampParapet.078
00:56:55 | INFO: Primitives created: 1
00:56:55 | INFO: Extracting primitive: L02_RampParapet.079
00:56:55 | INFO: Primitives created: 1
00:56:55 | INFO: Extracting primitive: L02_RampParapet.080
00:56:55 | INFO: Primitives created: 1
00:56:55 | INFO: Extracting primitive: L02_RampParapet.081
00:56:55 | INFO: Primitives created: 1
00:56:55 | INFO: Extracting primitive: L02_RampParapet.082
00:56:55 | INFO: Primitives created: 1
00:56:55 | INFO: Extracting primitive: L02_RampParapet.083
00:56:55 | INFO: Primitives created: 1
00:56:55 | INFO: Extracting primitive: L02_RampParapet.084
00:56:55 | INFO: Primitives created: 1
00:56:55 | INFO: Extracting primitive: L02_RampParapet.085
00:56:55 | INFO: Primitives created: 1
00:56:55 | INFO: Extracting primitive: L02_RampParapet.086
00:56:55 | INFO: Primitives created: 1
00:56:55 | INFO: Extracting primitive: L02_RampParapet.087
00:56:55 | INFO: Primitives created: 1
00:56:55 | INFO: Extracting primitive: L02_RampParapet.088
00:56:55 | INFO: Primitives created: 1
00:56:55 | INFO: Extracting primitive: L02_RampParapet.089
00:56:55 | INFO: Primitives created: 1
00:56:55 | INFO: Extracting primitive: L02_RampParapet.090
00:56:55 | INFO: Primitives created: 1
00:56:55 | INFO: Extracting primitive: L02_RampParapet.091
00:56:55 | INFO: Primitives created: 1
00:56:55 | INFO: Extracting primitive: L02_RampParapet.092
00:56:55 | INFO: Primitives created: 1
00:56:55 | INFO: Extracting primitive: L02_RampParapet.093
00:56:55 | INFO: Primitives created: 1
00:56:55 | INFO: Extracting primitive: L02_RampParapet.094
00:56:55 | INFO: Primitives created: 1
00:56:55 | INFO: Extracting primitive: L02_RampParapet.095
00:56:55 | INFO: Primitives created: 1
00:56:55 | INFO: Extracting primitive: L02_RampParapet.096
00:56:55 | INFO: Primitives created: 1
00:56:55 | INFO: Extracting primitive: L02_RampParapet.097
00:56:55 | INFO: Primitives created: 1
00:56:55 | INFO: Extracting primitive: L02_RampParapet.196
00:56:55 | INFO: Primitives created: 1
00:56:55 | INFO: Extracting primitive: L02_RampParapet.001
00:56:55 | INFO: Primitives created: 1
00:56:55 | INFO: Extracting primitive: L02_RampPier.002
00:56:55 | INFO: Primitives created: 1
00:56:55 | INFO: Extracting primitive: L02_RampPier.003
00:56:55 | INFO: Primitives created: 1
00:56:55 | INFO: Extracting primitive: L02_RampPier.004
00:56:55 | INFO: Primitives created: 1
00:56:55 | INFO: Extracting primitive: L02_RampPier.005
00:56:55 | INFO: Primitives created: 1
00:56:55 | INFO: Extracting primitive: L02_RampPier.006
00:56:55 | INFO: Primitives created: 1
00:56:55 | INFO: Extracting primitive: L02_RampPier.007
00:56:55 | INFO: Primitives created: 1
00:56:55 | INFO: Extracting primitive: L02_RampPier.008
00:56:55 | INFO: Primitives created: 1
00:56:55 | INFO: Extracting primitive: L02_RampPier.009
00:56:55 | INFO: Primitives created: 1
00:56:55 | INFO: Extracting primitive: L02_RampPier.020
00:56:55 | INFO: Primitives created: 1
00:56:55 | INFO: Extracting primitive: L02_RampPier.001
00:56:55 | INFO: Primitives created: 1
00:56:55 | INFO: Extracting primitive: parking_garage_Cube_001.002
00:56:55 | INFO: Primitives created: 1
00:56:55 | INFO: Extracting primitive: RW_DuctFlanges_0.002
00:56:55 | INFO: Primitives created: 1
00:56:55 | INFO: Extracting primitive: RW_DuctFlanges_1.002
00:56:55 | INFO: Primitives created: 1
00:56:55 | INFO: Extracting primitive: RW_DuctFlanges_2.002
00:56:55 | INFO: Primitives created: 1
00:56:55 | INFO: Extracting primitive: RW_DuctFlanges_3.002
00:56:55 | INFO: Primitives created: 1
00:56:55 | INFO: Extracting primitive: RW_DuctFlanges_4.002
00:56:55 | INFO: Primitives created: 1
00:56:55 | INFO: Extracting primitive: RW_DuctFlanges_5.002
00:56:55 | INFO: Primitives created: 1
00:56:55 | INFO: Extracting primitive: RW_DuctSupports_0.004
00:56:55 | INFO: Primitives created: 2
00:56:55 | INFO: Extracting primitive: RW_DuctSupports_1.004
00:56:55 | INFO: Primitives created: 2
00:56:55 | INFO: Extracting primitive: RW_DuctSupports_2.004
00:56:55 | INFO: Primitives created: 2
00:56:55 | INFO: Extracting primitive: RW_DuctSupports_3.004
00:56:55 | INFO: Primitives created: 2
00:56:55 | INFO: Extracting primitive: RW_DuctSupports_4.004
00:56:55 | INFO: Primitives created: 2
00:56:55 | INFO: Extracting primitive: RW_DuctSupports_5.004
00:56:55 | INFO: Primitives created: 2
00:56:55 | INFO: Extracting primitive: RW_PipeFlanges_0.004
00:56:55 | INFO: Primitives created: 2
00:56:55 | INFO: Extracting primitive: RW_PipeFlanges_1.004
00:56:55 | INFO: Primitives created: 2
00:56:55 | INFO: Extracting primitive: RW_PipeFlanges_2.004
00:56:55 | INFO: Primitives created: 2
00:56:55 | INFO: Extracting primitive: RW_PipeFlanges_3.004
00:56:55 | INFO: Primitives created: 2
00:56:55 | INFO: Extracting primitive: RW_PipeFlanges_4.004
00:56:55 | INFO: Primitives created: 2
00:56:55 | INFO: Extracting primitive: RW_PipeFlanges_5.004
00:56:55 | INFO: Primitives created: 2
00:56:55 | INFO: Extracting primitive: RW_PipeSupports_0.004
00:56:55 | INFO: Primitives created: 1
00:56:55 | INFO: Extracting primitive: RW_PipeSupports_1.004
00:56:55 | INFO: Primitives created: 1
00:56:55 | INFO: Extracting primitive: RW_PipeSupports_2.004
00:56:55 | INFO: Primitives created: 1
00:56:55 | INFO: Extracting primitive: RW_PipeSupports_3.004
00:56:55 | INFO: Primitives created: 1
00:56:55 | INFO: Extracting primitive: RW_PipeSupports_4.004
00:56:55 | INFO: Primitives created: 1
00:56:55 | INFO: Extracting primitive: RW_PipeSupports_5.004
00:56:55 | INFO: Primitives created: 1
00:56:55 | INFO: Extracting primitive: parking_garage_Cylinder.002
00:56:55 | WARNING: More than one shader node tex image used for a texture. The resulting glTF sampler will behave like the first shader node tex image.
00:56:55 | INFO: Primitives created: 5
00:56:55 | INFO: Extracting primitive: ZERO_FRAME_FixtureDetails_ZF_FixtureRow00.003
00:56:55 | INFO: Primitives created: 2
00:56:55 | INFO: Extracting primitive: ZERO_FRAME_FixtureDetails_ZF_FixtureRow01.003
00:56:55 | INFO: Primitives created: 2
00:56:55 | INFO: Extracting primitive: ZERO_FRAME_FixtureDetails_ZF_FixtureRow02.003
00:56:55 | INFO: Primitives created: 2
00:56:55 | INFO: Extracting primitive: ZERO_FRAME_FixtureDetails_ZF_FixtureRow03.003
00:56:55 | INFO: Primitives created: 2
00:56:55 | INFO: Extracting primitive: ZERO_FRAME_FixtureDetails_ZF_FixtureRow04.003
00:56:55 | INFO: Primitives created: 2
00:56:55 | INFO: Extracting primitive: covered_car_1k_wheel_013.003
00:56:55 | WARNING: More than one shader node tex image used for a texture. The resulting glTF sampler will behave like the first shader node tex image.
00:56:55 | INFO: Primitives created: 1
00:56:55 | INFO: Extracting primitive: covered_car_1k_wheel_023.003
00:56:55 | WARNING: More than one shader node tex image used for a texture. The resulting glTF sampler will behave like the first shader node tex image.
00:56:55 | INFO: Primitives created: 1
00:56:55 | INFO: Extracting primitive: covered_car_1k_wheel_033.003
00:56:55 | INFO: Primitives created: 1
00:56:55 | INFO: Extracting primitive: covered_car_1k_wheel_043.003
00:56:55 | INFO: Primitives created: 1
00:56:55 | INFO: Extracting primitive: covered_car_1k_car_cover3.003
00:56:55 | INFO: Primitives created: 1
00:56:55 | INFO: Extracting primitive: covered_car_1k_wheel_016.003
00:56:55 | INFO: Primitives created: 1
00:56:55 | INFO: Extracting primitive: covered_car_1k_wheel_026.003
00:56:55 | INFO: Primitives created: 1
00:56:55 | INFO: Extracting primitive: covered_car_1k_wheel_036.003
00:56:55 | INFO: Primitives created: 1
00:56:55 | INFO: Extracting primitive: covered_car_1k_wheel_046.003
00:56:55 | INFO: Primitives created: 1
00:56:55 | INFO: Extracting primitive: covered_car_1k_car_cover6.003
00:56:55 | INFO: Primitives created: 1
00:56:55 | INFO: Extracting primitive: covered_car_1k_wheel_0111.003
00:56:55 | INFO: Primitives created: 1
00:56:55 | INFO: Extracting primitive: covered_car_1k_wheel_0211.003
00:56:55 | INFO: Primitives created: 1
00:56:55 | INFO: Extracting primitive: covered_car_1k_wheel_0311.003
00:56:55 | INFO: Primitives created: 1
00:56:55 | INFO: Extracting primitive: covered_car_1k_wheel_0411.003
00:56:55 | INFO: Primitives created: 1
00:56:55 | INFO: Extracting primitive: covered_car_1k_car_cover11.003
00:56:55 | INFO: Primitives created: 1
00:56:55 | INFO: Extracting primitive: covered_car_1k_wheel_0115.003
00:56:55 | INFO: Primitives created: 1
00:56:55 | INFO: Extracting primitive: covered_car_1k_wheel_0215.003
00:56:55 | INFO: Primitives created: 1
00:56:55 | INFO: Extracting primitive: covered_car_1k_wheel_0315.003
00:56:55 | INFO: Primitives created: 1
00:56:55 | INFO: Extracting primitive: covered_car_1k_wheel_0415.003
00:56:55 | INFO: Primitives created: 1
00:56:55 | INFO: Extracting primitive: covered_car_1k_car_cover15.003
00:56:55 | INFO: Primitives created: 1
00:56:55 | INFO: Extracting primitive: Mesh_456.003
00:56:55 | WARNING: More than one shader node tex image used for a texture. The resulting glTF sampler will behave like the first shader node tex image.
00:56:55 | INFO: Primitives created: 1
00:56:55 | INFO: Extracting primitive: Mesh_457.003
00:56:55 | WARNING: More than one shader node tex image used for a texture. The resulting glTF sampler will behave like the first shader node tex image.
00:56:55 | INFO: Primitives created: 1
00:56:55 | INFO: Extracting primitive: Mesh_458.003
00:56:55 | WARNING: More than one shader node tex image used for a texture. The resulting glTF sampler will behave like the first shader node tex image.
00:56:55 | INFO: Primitives created: 1
00:56:55 | INFO: Extracting primitive: Mesh_459.003
00:56:55 | WARNING: More than one shader node tex image used for a texture. The resulting glTF sampler will behave like the first shader node tex image.
00:56:55 | INFO: Primitives created: 1
00:56:55 | INFO: Extracting primitive: Mesh_460.003
00:56:55 | WARNING: More than one shader node tex image used for a texture. The resulting glTF sampler will behave like the first shader node tex image.
00:56:55 | INFO: Primitives created: 1
00:56:55 | INFO: Extracting primitive: Mesh_461.003
00:56:55 | WARNING: More than one shader node tex image used for a texture. The resulting glTF sampler will behave like the first shader node tex image.
00:56:55 | INFO: Primitives created: 1
00:56:55 | INFO: Extracting primitive: Mesh_462.003
00:56:55 | WARNING: More than one shader node tex image used for a texture. The resulting glTF sampler will behave like the first shader node tex image.
00:56:55 | INFO: Primitives created: 1
00:56:55 | INFO: Extracting primitive: Mesh_463.003
00:56:55 | WARNING: More than one shader node tex image used for a texture. The resulting glTF sampler will behave like the first shader node tex image.
00:56:55 | INFO: Primitives created: 1
00:56:55 | INFO: Extracting primitive: Mesh_464.003
00:56:55 | WARNING: More than one shader node tex image used for a texture. The resulting glTF sampler will behave like the first shader node tex image.
00:56:55 | INFO: Primitives created: 1
00:56:55 | INFO: Extracting primitive: Mesh_465.003
00:56:55 | WARNING: More than one shader node tex image used for a texture. The resulting glTF sampler will behave like the first shader node tex image.
00:56:55 | INFO: Primitives created: 1
00:56:55 | INFO: Extracting primitive: Mesh_466.003
00:56:55 | WARNING: More than one shader node tex image used for a texture. The resulting glTF sampler will behave like the first shader node tex image.
00:56:55 | INFO: Primitives created: 1
00:56:55 | INFO: Extracting primitive: Mesh_467.003
00:56:55 | WARNING: More than one shader node tex image used for a texture. The resulting glTF sampler will behave like the first shader node tex image.
00:56:55 | INFO: Primitives created: 1
00:56:55 | INFO: Extracting primitive: Mesh_468.003
00:56:55 | WARNING: More than one shader node tex image used for a texture. The resulting glTF sampler will behave like the first shader node tex image.
00:56:55 | INFO: Primitives created: 1
00:56:55 | INFO: Extracting primitive: Mesh_469.003
00:56:55 | WARNING: More than one shader node tex image used for a texture. The resulting glTF sampler will behave like the first shader node tex image.
00:56:55 | INFO: Primitives created: 1
00:56:55 | INFO: Extracting primitive: Mesh_470.003
00:56:55 | WARNING: More than one shader node tex image used for a texture. The resulting glTF sampler will behave like the first shader node tex image.
00:56:55 | INFO: Primitives created: 1
00:56:55 | INFO: Extracting primitive: Mesh_471.003
00:56:55 | WARNING: More than one shader node tex image used for a texture. The resulting glTF sampler will behave like the first shader node tex image.
00:56:55 | INFO: Primitives created: 1
00:56:55 | INFO: Extracting primitive: Mesh_472.003
00:56:55 | WARNING: More than one shader node tex image used for a texture. The resulting glTF sampler will behave like the first shader node tex image.
00:56:55 | INFO: Primitives created: 1
00:56:55 | INFO: Extracting primitive: Mesh_473.003
00:56:55 | WARNING: More than one shader node tex image used for a texture. The resulting glTF sampler will behave like the first shader node tex image.
00:56:55 | INFO: Primitives created: 1
00:56:55 | INFO: Extracting primitive: Mesh_474.003
00:56:55 | WARNING: More than one shader node tex image used for a texture. The resulting glTF sampler will behave like the first shader node tex image.
00:56:55 | INFO: Primitives created: 1
00:56:55 | INFO: Extracting primitive: Mesh_475.003
00:56:55 | WARNING: More than one shader node tex image used for a texture. The resulting glTF sampler will behave like the first shader node tex image.
00:56:55 | INFO: Primitives created: 1
00:56:55 | INFO: Extracting primitive: Mesh_476.003
00:56:55 | WARNING: More than one shader node tex image used for a texture. The resulting glTF sampler will behave like the first shader node tex image.
00:56:55 | INFO: Primitives created: 1
00:56:55 | INFO: Extracting primitive: Mesh_477.003
00:56:55 | WARNING: More than one shader node tex image used for a texture. The resulting glTF sampler will behave like the first shader node tex image.
00:56:55 | INFO: Primitives created: 1
00:56:55 | INFO: Extracting primitive: Mesh_478.003
00:56:55 | WARNING: More than one shader node tex image used for a texture. The resulting glTF sampler will behave like the first shader node tex image.
00:56:55 | INFO: Primitives created: 1
00:56:55 | INFO: Extracting primitive: Mesh_479.003
00:56:55 | WARNING: More than one shader node tex image used for a texture. The resulting glTF sampler will behave like the first shader node tex image.
00:56:55 | INFO: Primitives created: 1
00:56:55 | INFO: Extracting primitive: Mesh_480.003
00:56:55 | WARNING: More than one shader node tex image used for a texture. The resulting glTF sampler will behave like the first shader node tex image.
00:56:55 | INFO: Primitives created: 1
00:56:55 | INFO: Extracting primitive: Mesh_481.003
00:56:55 | WARNING: More than one shader node tex image used for a texture. The resulting glTF sampler will behave like the first shader node tex image.
00:56:55 | INFO: Primitives created: 1
00:56:55 | INFO: Extracting primitive: Mesh_482.003
00:56:55 | WARNING: More than one shader node tex image used for a texture. The resulting glTF sampler will behave like the first shader node tex image.
00:56:55 | INFO: Primitives created: 1
00:56:55 | INFO: Extracting primitive: Mesh_483.003
00:56:55 | WARNING: More than one shader node tex image used for a texture. The resulting glTF sampler will behave like the first shader node tex image.
00:56:55 | INFO: Primitives created: 1
00:56:55 | INFO: Extracting primitive: Mesh_484.003
00:56:55 | WARNING: More than one shader node tex image used for a texture. The resulting glTF sampler will behave like the first shader node tex image.
00:56:55 | INFO: Primitives created: 1
00:56:55 | INFO: Extracting primitive: Mesh_485.003
00:56:55 | WARNING: More than one shader node tex image used for a texture. The resulting glTF sampler will behave like the first shader node tex image.
00:56:55 | INFO: Primitives created: 1
00:56:55 | INFO: Extracting primitive: Mesh_486.003
00:56:55 | WARNING: More than one shader node tex image used for a texture. The resulting glTF sampler will behave like the first shader node tex image.
00:56:55 | INFO: Primitives created: 1
00:56:55 | INFO: Extracting primitive: Mesh_487.003
00:56:55 | WARNING: More than one shader node tex image used for a texture. The resulting glTF sampler will behave like the first shader node tex image.
00:56:55 | INFO: Primitives created: 1
00:56:55 | INFO: Extracting primitive: Mesh_488.003
00:56:55 | WARNING: More than one shader node tex image used for a texture. The resulting glTF sampler will behave like the first shader node tex image.
00:56:55 | INFO: Primitives created: 1
00:56:55 | INFO: Extracting primitive: Mesh_489.003
00:56:55 | WARNING: More than one shader node tex image used for a texture. The resulting glTF sampler will behave like the first shader node tex image.
00:56:55 | INFO: Primitives created: 1
00:56:55 | INFO: Extracting primitive: Mesh_490.003
00:56:55 | WARNING: More than one shader node tex image used for a texture. The resulting glTF sampler will behave like the first shader node tex image.
00:56:55 | INFO: Primitives created: 1
00:56:55 | INFO: Extracting primitive: Mesh_491.003
00:56:55 | WARNING: More than one shader node tex image used for a texture. The resulting glTF sampler will behave like the first shader node tex image.
00:56:55 | INFO: Primitives created: 1
00:56:55 | INFO: Extracting primitive: Mesh_492.003
00:56:55 | WARNING: More than one shader node tex image used for a texture. The resulting glTF sampler will behave like the first shader node tex image.
00:56:55 | INFO: Primitives created: 1
00:56:55 | INFO: Extracting primitive: Mesh_493.003
00:56:55 | WARNING: More than one shader node tex image used for a texture. The resulting glTF sampler will behave like the first shader node tex image.
00:56:55 | INFO: Primitives created: 1
00:56:55 | INFO: Extracting primitive: Mesh_494.003
00:56:55 | WARNING: More than one shader node tex image used for a texture. The resulting glTF sampler will behave like the first shader node tex image.
00:56:55 | INFO: Primitives created: 1
00:56:55 | INFO: Extracting primitive: Mesh_495.003
00:56:55 | WARNING: More than one shader node tex image used for a texture. The resulting glTF sampler will behave like the first shader node tex image.
00:56:55 | INFO: Primitives created: 1
00:56:55 | INFO: Extracting primitive: Mesh_496.003
00:56:55 | WARNING: More than one shader node tex image used for a texture. The resulting glTF sampler will behave like the first shader node tex image.
00:56:55 | INFO: Primitives created: 1
00:56:55 | INFO: Extracting primitive: Mesh_497.003
00:56:55 | WARNING: More than one shader node tex image used for a texture. The resulting glTF sampler will behave like the first shader node tex image.
00:56:55 | INFO: Primitives created: 1
00:56:55 | INFO: Extracting primitive: Mesh_498.003
00:56:55 | WARNING: More than one shader node tex image used for a texture. The resulting glTF sampler will behave like the first shader node tex image.
00:56:55 | INFO: Primitives created: 1
00:56:55 | INFO: Extracting primitive: Mesh_499.003
00:56:55 | WARNING: More than one shader node tex image used for a texture. The resulting glTF sampler will behave like the first shader node tex image.
00:56:55 | INFO: Primitives created: 1
00:56:55 | INFO: Extracting primitive: Mesh_500.003
00:56:55 | WARNING: More than one shader node tex image used for a texture. The resulting glTF sampler will behave like the first shader node tex image.
00:56:55 | INFO: Primitives created: 1
00:56:55 | INFO: Extracting primitive: Mesh_501.003
00:56:55 | WARNING: More than one shader node tex image used for a texture. The resulting glTF sampler will behave like the first shader node tex image.
00:56:55 | INFO: Primitives created: 1
00:56:55 | INFO: Extracting primitive: Mesh_502.003
00:56:55 | WARNING: More than one shader node tex image used for a texture. The resulting glTF sampler will behave like the first shader node tex image.
00:56:55 | INFO: Primitives created: 1
00:56:55 | INFO: Extracting primitive: Mesh_503.003
00:56:55 | WARNING: More than one shader node tex image used for a texture. The resulting glTF sampler will behave like the first shader node tex image.
00:56:55 | INFO: Primitives created: 1
00:56:55 | INFO: Extracting primitive: Mesh_504.003
00:56:55 | WARNING: More than one shader node tex image used for a texture. The resulting glTF sampler will behave like the first shader node tex image.
00:56:55 | INFO: Primitives created: 1
00:56:55 | INFO: Extracting primitive: Mesh_505.003
00:56:55 | WARNING: More than one shader node tex image used for a texture. The resulting glTF sampler will behave like the first shader node tex image.
00:56:55 | INFO: Primitives created: 1
00:56:55 | INFO: Extracting primitive: Mesh_506.003
00:56:55 | WARNING: More than one shader node tex image used for a texture. The resulting glTF sampler will behave like the first shader node tex image.
00:56:55 | INFO: Primitives created: 1
00:56:55 | INFO: Extracting primitive: Mesh_507.003
00:56:55 | WARNING: More than one shader node tex image used for a texture. The resulting glTF sampler will behave like the first shader node tex image.
00:56:55 | INFO: Primitives created: 1
00:56:55 | INFO: Extracting primitive: Mesh_508.003
00:56:55 | WARNING: More than one shader node tex image used for a texture. The resulting glTF sampler will behave like the first shader node tex image.
00:56:55 | INFO: Primitives created: 1
00:56:55 | INFO: Extracting primitive: Mesh_509.003
00:56:55 | WARNING: More than one shader node tex image used for a texture. The resulting glTF sampler will behave like the first shader node tex image.
00:56:55 | INFO: Primitives created: 1
00:56:55 | INFO: Extracting primitive: Mesh_510.003
00:56:55 | WARNING: More than one shader node tex image used for a texture. The resulting glTF sampler will behave like the first shader node tex image.
00:56:55 | INFO: Primitives created: 1
00:56:55 | INFO: Extracting primitive: Mesh_511.003
00:56:55 | WARNING: More than one shader node tex image used for a texture. The resulting glTF sampler will behave like the first shader node tex image.
00:56:55 | INFO: Primitives created: 1
00:56:55 | INFO: Extracting primitive: Mesh_512.003
00:56:55 | WARNING: More than one shader node tex image used for a texture. The resulting glTF sampler will behave like the first shader node tex image.
00:56:55 | INFO: Primitives created: 1
00:56:55 | INFO: Extracting primitive: Mesh_513.003
00:56:55 | WARNING: More than one shader node tex image used for a texture. The resulting glTF sampler will behave like the first shader node tex image.
00:56:55 | INFO: Primitives created: 1
00:56:55 | INFO: Extracting primitive: Mesh_514.003
00:56:55 | WARNING: More than one shader node tex image used for a texture. The resulting glTF sampler will behave like the first shader node tex image.
00:56:55 | INFO: Primitives created: 1
00:56:55 | INFO: Extracting primitive: Mesh_515.003
00:56:55 | WARNING: More than one shader node tex image used for a texture. The resulting glTF sampler will behave like the first shader node tex image.
00:56:55 | INFO: Primitives created: 1
00:56:55 | INFO: Extracting primitive: Mesh_516.003
00:56:55 | WARNING: More than one shader node tex image used for a texture. The resulting glTF sampler will behave like the first shader node tex image.
00:56:55 | INFO: Primitives created: 1
00:56:55 | INFO: Extracting primitive: Mesh_517.003
00:56:55 | WARNING: More than one shader node tex image used for a texture. The resulting glTF sampler will behave like the first shader node tex image.
00:56:55 | INFO: Primitives created: 1
00:56:55 | INFO: Extracting primitive: Mesh_518.003
00:56:55 | WARNING: More than one shader node tex image used for a texture. The resulting glTF sampler will behave like the first shader node tex image.
00:56:55 | INFO: Primitives created: 1
00:56:55 | INFO: Extracting primitive: Mesh_519.003
00:56:55 | WARNING: More than one shader node tex image used for a texture. The resulting glTF sampler will behave like the first shader node tex image.
00:56:55 | INFO: Primitives created: 1
00:56:55 | INFO: Extracting primitive: Mesh_520.003
00:56:55 | WARNING: More than one shader node tex image used for a texture. The resulting glTF sampler will behave like the first shader node tex image.
00:56:55 | INFO: Primitives created: 1
00:56:55 | INFO: Extracting primitive: Mesh_521.003
00:56:55 | WARNING: More than one shader node tex image used for a texture. The resulting glTF sampler will behave like the first shader node tex image.
00:56:55 | INFO: Primitives created: 1
00:56:55 | INFO: Extracting primitive: Mesh_522.003
00:56:55 | WARNING: More than one shader node tex image used for a texture. The resulting glTF sampler will behave like the first shader node tex image.
00:56:55 | INFO: Primitives created: 1
00:56:55 | INFO: Extracting primitive: Mesh_523.003
00:56:55 | WARNING: More than one shader node tex image used for a texture. The resulting glTF sampler will behave like the first shader node tex image.
00:56:55 | INFO: Primitives created: 1
00:56:55 | INFO: Extracting primitive: Mesh_524.003
00:56:55 | WARNING: More than one shader node tex image used for a texture. The resulting glTF sampler will behave like the first shader node tex image.
00:56:55 | INFO: Primitives created: 1
00:56:55 | INFO: Extracting primitive: Mesh_525.003
00:56:55 | WARNING: More than one shader node tex image used for a texture. The resulting glTF sampler will behave like the first shader node tex image.
00:56:55 | INFO: Primitives created: 1
00:56:55 | INFO: Extracting primitive: Mesh_526.003
00:56:55 | WARNING: More than one shader node tex image used for a texture. The resulting glTF sampler will behave like the first shader node tex image.
00:56:55 | INFO: Primitives created: 1
00:56:55 | INFO: Extracting primitive: Mesh_527.003
00:56:55 | WARNING: More than one shader node tex image used for a texture. The resulting glTF sampler will behave like the first shader node tex image.
00:56:55 | INFO: Primitives created: 1
00:56:55 | INFO: Extracting primitive: Mesh_528.003
00:56:55 | WARNING: More than one shader node tex image used for a texture. The resulting glTF sampler will behave like the first shader node tex image.
00:56:55 | INFO: Primitives created: 1
00:56:55 | INFO: Extracting primitive: Mesh_529.003
00:56:55 | WARNING: More than one shader node tex image used for a texture. The resulting glTF sampler will behave like the first shader node tex image.
00:56:55 | INFO: Primitives created: 1
00:56:55 | INFO: Extracting primitive: Mesh_530.003
00:56:55 | WARNING: More than one shader node tex image used for a texture. The resulting glTF sampler will behave like the first shader node tex image.
00:56:55 | INFO: Primitives created: 1
00:56:55 | INFO: Extracting primitive: Mesh_531.003
00:56:55 | WARNING: More than one shader node tex image used for a texture. The resulting glTF sampler will behave like the first shader node tex image.
00:56:55 | INFO: Primitives created: 1
00:56:55 | INFO: Extracting primitive: Mesh_532.003
00:56:55 | WARNING: More than one shader node tex image used for a texture. The resulting glTF sampler will behave like the first shader node tex image.
00:56:55 | INFO: Primitives created: 1
00:56:55 | INFO: Extracting primitive: Mesh_533.003
00:56:55 | WARNING: More than one shader node tex image used for a texture. The resulting glTF sampler will behave like the first shader node tex image.
00:56:55 | INFO: Primitives created: 1
00:56:55 | INFO: Extracting primitive: Mesh_534.003
00:56:55 | WARNING: More than one shader node tex image used for a texture. The resulting glTF sampler will behave like the first shader node tex image.
00:56:55 | INFO: Primitives created: 1
00:56:55 | INFO: Extracting primitive: Mesh_535.003
00:56:55 | WARNING: More than one shader node tex image used for a texture. The resulting glTF sampler will behave like the first shader node tex image.
00:56:55 | INFO: Primitives created: 1
00:56:55 | INFO: Extracting primitive: Mesh_536.003
00:56:55 | WARNING: More than one shader node tex image used for a texture. The resulting glTF sampler will behave like the first shader node tex image.
00:56:55 | INFO: Primitives created: 1
00:56:55 | INFO: Extracting primitive: Mesh_537.003
00:56:55 | WARNING: More than one shader node tex image used for a texture. The resulting glTF sampler will behave like the first shader node tex image.
00:56:55 | INFO: Primitives created: 1
00:56:55 | INFO: Extracting primitive: Mesh_538.003
00:56:55 | WARNING: More than one shader node tex image used for a texture. The resulting glTF sampler will behave like the first shader node tex image.
00:56:55 | INFO: Primitives created: 1
00:56:55 | INFO: Extracting primitive: Mesh_539.003
00:56:55 | WARNING: More than one shader node tex image used for a texture. The resulting glTF sampler will behave like the first shader node tex image.
00:56:55 | INFO: Primitives created: 1
00:56:55 | INFO: Extracting primitive: Mesh_540.003
00:56:55 | WARNING: More than one shader node tex image used for a texture. The resulting glTF sampler will behave like the first shader node tex image.
00:56:55 | INFO: Primitives created: 1
00:56:55 | INFO: Extracting primitive: Mesh_541.003
00:56:55 | WARNING: More than one shader node tex image used for a texture. The resulting glTF sampler will behave like the first shader node tex image.
00:56:55 | INFO: Primitives created: 1
00:56:55 | INFO: Extracting primitive: Mesh_542.003
00:56:55 | WARNING: More than one shader node tex image used for a texture. The resulting glTF sampler will behave like the first shader node tex image.
00:56:55 | INFO: Primitives created: 1
00:56:55 | INFO: Extracting primitive: Mesh_543.003
00:56:55 | WARNING: More than one shader node tex image used for a texture. The resulting glTF sampler will behave like the first shader node tex image.
00:56:55 | INFO: Primitives created: 1
00:56:55 | INFO: Extracting primitive: Mesh_544.003
00:56:55 | WARNING: More than one shader node tex image used for a texture. The resulting glTF sampler will behave like the first shader node tex image.
00:56:55 | INFO: Primitives created: 1
00:56:55 | INFO: Extracting primitive: Mesh_545.003
00:56:55 | WARNING: More than one shader node tex image used for a texture. The resulting glTF sampler will behave like the first shader node tex image.
00:56:55 | INFO: Primitives created: 1
00:56:55 | INFO: Extracting primitive: Mesh_546.003
00:56:55 | WARNING: More than one shader node tex image used for a texture. The resulting glTF sampler will behave like the first shader node tex image.
00:56:55 | INFO: Primitives created: 1
00:56:55 | INFO: Extracting primitive: Mesh_547.003
00:56:55 | WARNING: More than one shader node tex image used for a texture. The resulting glTF sampler will behave like the first shader node tex image.
00:56:55 | INFO: Primitives created: 1
00:56:55 | INFO: Extracting primitive: Mesh_548.003
00:56:55 | WARNING: More than one shader node tex image used for a texture. The resulting glTF sampler will behave like the first shader node tex image.
00:56:55 | INFO: Primitives created: 1
00:56:55 | INFO: Extracting primitive: Mesh_549.003
00:56:55 | WARNING: More than one shader node tex image used for a texture. The resulting glTF sampler will behave like the first shader node tex image.
00:56:55 | INFO: Primitives created: 1
00:56:55 | INFO: Extracting primitive: Mesh_550.003
00:56:55 | WARNING: More than one shader node tex image used for a texture. The resulting glTF sampler will behave like the first shader node tex image.
00:56:55 | INFO: Primitives created: 1
00:56:55 | INFO: Extracting primitive: Mesh_551.003
00:56:55 | WARNING: More than one shader node tex image used for a texture. The resulting glTF sampler will behave like the first shader node tex image.
00:56:55 | INFO: Primitives created: 1
00:56:55 | INFO: Extracting primitive: Mesh_552.003
00:56:55 | WARNING: More than one shader node tex image used for a texture. The resulting glTF sampler will behave like the first shader node tex image.
00:56:55 | INFO: Primitives created: 1
00:56:55 | INFO: Extracting primitive: Mesh_553.003
00:56:55 | WARNING: More than one shader node tex image used for a texture. The resulting glTF sampler will behave like the first shader node tex image.
00:56:55 | INFO: Primitives created: 1
00:56:55 | INFO: Extracting primitive: Mesh_554.003
00:56:55 | WARNING: More than one shader node tex image used for a texture. The resulting glTF sampler will behave like the first shader node tex image.
00:56:55 | INFO: Primitives created: 1
00:56:55 | INFO: Extracting primitive: Mesh_555.003
00:56:55 | WARNING: More than one shader node tex image used for a texture. The resulting glTF sampler will behave like the first shader node tex image.
00:56:55 | INFO: Primitives created: 1
00:56:55 | INFO: Extracting primitive: Mesh_556.003
00:56:55 | WARNING: More than one shader node tex image used for a texture. The resulting glTF sampler will behave like the first shader node tex image.
00:56:55 | INFO: Primitives created: 1
00:56:55 | INFO: Extracting primitive: Mesh_557.003
00:56:55 | WARNING: More than one shader node tex image used for a texture. The resulting glTF sampler will behave like the first shader node tex image.
00:56:55 | INFO: Primitives created: 1
00:56:55 | INFO: Extracting primitive: Mesh_558.003
00:56:55 | WARNING: More than one shader node tex image used for a texture. The resulting glTF sampler will behave like the first shader node tex image.
00:56:55 | INFO: Primitives created: 1
00:56:55 | INFO: Extracting primitive: Mesh_559.003
00:56:55 | WARNING: More than one shader node tex image used for a texture. The resulting glTF sampler will behave like the first shader node tex image.
00:56:55 | INFO: Primitives created: 1
00:56:55 | INFO: Extracting primitive: Mesh_560.003
00:56:55 | WARNING: More than one shader node tex image used for a texture. The resulting glTF sampler will behave like the first shader node tex image.
00:56:55 | INFO: Primitives created: 1
00:56:55 | INFO: Extracting primitive: Mesh_561.003
00:56:55 | WARNING: More than one shader node tex image used for a texture. The resulting glTF sampler will behave like the first shader node tex image.
00:56:55 | INFO: Primitives created: 1
00:56:55 | INFO: Extracting primitive: Mesh_562.003
00:56:55 | WARNING: More than one shader node tex image used for a texture. The resulting glTF sampler will behave like the first shader node tex image.
00:56:55 | INFO: Primitives created: 1
00:56:55 | INFO: Extracting primitive: Mesh_563.003
00:56:55 | WARNING: More than one shader node tex image used for a texture. The resulting glTF sampler will behave like the first shader node tex image.
00:56:55 | INFO: Primitives created: 1
00:56:55 | INFO: Extracting primitive: Mesh_564.003
00:56:55 | WARNING: More than one shader node tex image used for a texture. The resulting glTF sampler will behave like the first shader node tex image.
00:56:55 | INFO: Primitives created: 1
00:56:55 | INFO: Extracting primitive: Mesh_565.003
00:56:55 | WARNING: More than one shader node tex image used for a texture. The resulting glTF sampler will behave like the first shader node tex image.
00:56:55 | INFO: Primitives created: 1
00:56:55 | INFO: Extracting primitive: Mesh_566.003
00:56:55 | WARNING: More than one shader node tex image used for a texture. The resulting glTF sampler will behave like the first shader node tex image.
00:56:55 | INFO: Primitives created: 1
00:56:55 | INFO: Extracting primitive: Mesh_567.003
00:56:55 | WARNING: More than one shader node tex image used for a texture. The resulting glTF sampler will behave like the first shader node tex image.
00:56:55 | INFO: Primitives created: 1
00:56:55 | INFO: Extracting primitive: Mesh_568.003
00:56:55 | WARNING: More than one shader node tex image used for a texture. The resulting glTF sampler will behave like the first shader node tex image.
00:56:55 | INFO: Primitives created: 1
00:56:55 | INFO: Extracting primitive: Mesh_569.003
00:56:55 | WARNING: More than one shader node tex image used for a texture. The resulting glTF sampler will behave like the first shader node tex image.
00:56:55 | INFO: Primitives created: 1
00:56:55 | INFO: Extracting primitive: Mesh_570.003
00:56:55 | WARNING: More than one shader node tex image used for a texture. The resulting glTF sampler will behave like the first shader node tex image.
00:56:55 | INFO: Primitives created: 1
00:56:55 | INFO: Extracting primitive: Mesh_571.003
00:56:55 | WARNING: More than one shader node tex image used for a texture. The resulting glTF sampler will behave like the first shader node tex image.
00:56:55 | INFO: Primitives created: 1
00:56:55 | INFO: Extracting primitive: Mesh_572.003
00:56:55 | WARNING: More than one shader node tex image used for a texture. The resulting glTF sampler will behave like the first shader node tex image.
00:56:55 | INFO: Primitives created: 1
00:56:55 | INFO: Extracting primitive: Mesh_573.003
00:56:55 | WARNING: More than one shader node tex image used for a texture. The resulting glTF sampler will behave like the first shader node tex image.
00:56:55 | INFO: Primitives created: 1
00:56:55 | INFO: Extracting primitive: Mesh_574.003
00:56:55 | WARNING: More than one shader node tex image used for a texture. The resulting glTF sampler will behave like the first shader node tex image.
00:56:55 | INFO: Primitives created: 1
00:56:55 | INFO: Extracting primitive: Mesh_575.003
00:56:55 | WARNING: More than one shader node tex image used for a texture. The resulting glTF sampler will behave like the first shader node tex image.
00:56:55 | INFO: Primitives created: 1
00:56:55 | INFO: Extracting primitive: Mesh_576.003
00:56:55 | WARNING: More than one shader node tex image used for a texture. The resulting glTF sampler will behave like the first shader node tex image.
00:56:55 | INFO: Primitives created: 1
00:56:55 | INFO: Extracting primitive: Mesh_577.003
00:56:55 | WARNING: More than one shader node tex image used for a texture. The resulting glTF sampler will behave like the first shader node tex image.
00:56:55 | INFO: Primitives created: 1
00:56:55 | INFO: Extracting primitive: Mesh_578.003
00:56:55 | WARNING: More than one shader node tex image used for a texture. The resulting glTF sampler will behave like the first shader node tex image.
00:56:55 | INFO: Primitives created: 1
00:56:55 | INFO: Extracting primitive: Mesh_579.003
00:56:55 | WARNING: More than one shader node tex image used for a texture. The resulting glTF sampler will behave like the first shader node tex image.
00:56:55 | INFO: Primitives created: 1
00:56:55 | INFO: Extracting primitive: Mesh_580.003
00:56:55 | WARNING: More than one shader node tex image used for a texture. The resulting glTF sampler will behave like the first shader node tex image.
00:56:55 | INFO: Primitives created: 1
00:56:55 | INFO: Extracting primitive: Mesh_581.003
00:56:55 | WARNING: More than one shader node tex image used for a texture. The resulting glTF sampler will behave like the first shader node tex image.
00:56:55 | INFO: Primitives created: 1
00:56:55 | INFO: Extracting primitive: Mesh_582.003
00:56:55 | WARNING: More than one shader node tex image used for a texture. The resulting glTF sampler will behave like the first shader node tex image.
00:56:55 | INFO: Primitives created: 1
00:56:55 | INFO: Extracting primitive: Mesh_583.003
00:56:55 | WARNING: More than one shader node tex image used for a texture. The resulting glTF sampler will behave like the first shader node tex image.
00:56:55 | INFO: Primitives created: 1
00:56:55 | INFO: Extracting primitive: Mesh_584.003
00:56:55 | WARNING: More than one shader node tex image used for a texture. The resulting glTF sampler will behave like the first shader node tex image.
00:56:55 | INFO: Primitives created: 1
00:56:55 | INFO: Extracting primitive: Mesh_585.003
00:56:55 | WARNING: More than one shader node tex image used for a texture. The resulting glTF sampler will behave like the first shader node tex image.
00:56:55 | INFO: Primitives created: 1
00:56:55 | INFO: Extracting primitive: Mesh_586.003
00:56:55 | WARNING: More than one shader node tex image used for a texture. The resulting glTF sampler will behave like the first shader node tex image.
00:56:55 | INFO: Primitives created: 1
00:56:55 | INFO: Extracting primitive: Mesh_587.003
00:56:55 | WARNING: More than one shader node tex image used for a texture. The resulting glTF sampler will behave like the first shader node tex image.
00:56:55 | INFO: Primitives created: 1
00:56:55 | INFO: Extracting primitive: Mesh_588.003
00:56:55 | WARNING: More than one shader node tex image used for a texture. The resulting glTF sampler will behave like the first shader node tex image.
00:56:55 | INFO: Primitives created: 1
00:56:55 | INFO: Extracting primitive: Mesh_589.003
00:56:55 | WARNING: More than one shader node tex image used for a texture. The resulting glTF sampler will behave like the first shader node tex image.
00:56:55 | INFO: Primitives created: 1
00:56:55 | INFO: Extracting primitive: Mesh_590.003
00:56:55 | WARNING: More than one shader node tex image used for a texture. The resulting glTF sampler will behave like the first shader node tex image.
00:56:55 | INFO: Primitives created: 1
00:56:55 | INFO: Extracting primitive: Mesh_591.003
00:56:55 | WARNING: More than one shader node tex image used for a texture. The resulting glTF sampler will behave like the first shader node tex image.
00:56:55 | INFO: Primitives created: 1
00:56:55 | INFO: Extracting primitive: Mesh_592.003
00:56:55 | WARNING: More than one shader node tex image used for a texture. The resulting glTF sampler will behave like the first shader node tex image.
00:56:55 | INFO: Primitives created: 1
00:56:55 | INFO: Extracting primitive: Mesh_593.003
00:56:55 | WARNING: More than one shader node tex image used for a texture. The resulting glTF sampler will behave like the first shader node tex image.
00:56:55 | INFO: Primitives created: 1
00:56:55 | INFO: Extracting primitive: Mesh_594.003
00:56:55 | WARNING: More than one shader node tex image used for a texture. The resulting glTF sampler will behave like the first shader node tex image.
00:56:55 | INFO: Primitives created: 1
00:56:55 | INFO: Extracting primitive: Mesh_595.003
00:56:55 | WARNING: More than one shader node tex image used for a texture. The resulting glTF sampler will behave like the first shader node tex image.
00:56:55 | INFO: Primitives created: 1
00:56:55 | INFO: Extracting primitive: RW_CeilingReveals_0.001
00:56:55 | INFO: Primitives created: 1
00:56:55 | INFO: Extracting primitive: RW_CeilingReveals_1.001
00:56:55 | INFO: Primitives created: 2
00:56:55 | INFO: Extracting primitive: RW_CeilingReveals_2.001
00:56:55 | INFO: Primitives created: 2
00:56:55 | INFO: Extracting primitive: RW_CeilingReveals_3.001
00:56:55 | INFO: Primitives created: 1
00:56:55 | INFO: Extracting primitive: RW_CeilingReveals_4.001
00:56:55 | INFO: Primitives created: 1
00:56:55 | INFO: Extracting primitive: RW_CeilingReveals_5.001
00:56:55 | INFO: Primitives created: 1
00:56:55 | INFO: Extracting primitive: RW_DrainBars_0.001
00:56:55 | INFO: Primitives created: 1
00:56:55 | INFO: Extracting primitive: RW_DrainBars_1.001
00:56:55 | INFO: Primitives created: 1
00:56:55 | INFO: Extracting primitive: RW_DrainBars_2.001
00:56:55 | INFO: Primitives created: 1
00:56:55 | INFO: Extracting primitive: RW_DrainBars_3.001
00:56:55 | INFO: Primitives created: 1
00:56:55 | INFO: Extracting primitive: RW_DrainBars_4.001
00:56:55 | INFO: Primitives created: 1
00:56:55 | INFO: Extracting primitive: RW_DrainBars_5.001
00:56:55 | INFO: Primitives created: 1
00:56:55 | INFO: Extracting primitive: RW_DrainDirt_00.001
00:56:56 | WARNING: More than one shader node tex image used for a texture. The resulting glTF sampler will behave like the first shader node tex image.
00:56:56 | INFO: Primitives created: 1
00:56:56 | INFO: Extracting primitive: RW_DrainDirt_01.001
00:56:56 | INFO: Primitives created: 1
00:56:56 | INFO: Extracting primitive: RW_DrainDirt_02.001
00:56:56 | INFO: Primitives created: 1
00:56:56 | INFO: Extracting primitive: RW_DrainDirt_03.001
00:56:56 | INFO: Primitives created: 1
00:56:56 | INFO: Extracting primitive: RW_DrainDirt_04.001
00:56:56 | INFO: Primitives created: 1
00:56:56 | INFO: Extracting primitive: RW_DrainDirt_05.001
00:56:56 | INFO: Primitives created: 1
00:56:56 | INFO: Extracting primitive: RW_DrainDirt_06.001
00:56:56 | INFO: Primitives created: 1
00:56:56 | INFO: Extracting primitive: RW_DrainDirt_07.001
00:56:56 | INFO: Primitives created: 1
00:56:56 | INFO: Extracting primitive: RW_DrainDirt_08.001
00:56:56 | INFO: Primitives created: 1
00:56:56 | INFO: Extracting primitive: RW_DrainDirt_09.001
00:56:56 | INFO: Primitives created: 1
00:56:56 | INFO: Extracting primitive: RW_DrainDirt_10.001
00:56:56 | INFO: Primitives created: 1
00:56:56 | INFO: Extracting primitive: RW_DrainDirt_11.001
00:56:56 | INFO: Primitives created: 1
00:56:56 | INFO: Extracting primitive: RW_DrainFrames_0.001
00:56:56 | INFO: Primitives created: 1
00:56:56 | INFO: Extracting primitive: RW_DrainFrames_1.001
00:56:56 | INFO: Primitives created: 1
00:56:56 | INFO: Extracting primitive: RW_DrainFrames_2.001
00:56:56 | INFO: Primitives created: 1
00:56:56 | INFO: Extracting primitive: RW_DrainFrames_3.001
00:56:56 | INFO: Primitives created: 1
00:56:56 | INFO: Extracting primitive: RW_DrainFrames_4.001
00:56:56 | INFO: Primitives created: 1
00:56:56 | INFO: Extracting primitive: RW_DrainFrames_5.001
00:56:56 | INFO: Primitives created: 1
00:56:56 | INFO: Extracting primitive: RW_DrainRecess_0.001
00:56:56 | INFO: Primitives created: 1
00:56:56 | INFO: Extracting primitive: RW_DrainRecess_1.001
00:56:56 | INFO: Primitives created: 1
00:56:56 | INFO: Extracting primitive: RW_DrainRecess_2.001
00:56:56 | INFO: Primitives created: 1
00:56:56 | INFO: Extracting primitive: RW_DrainRecess_3.001
00:56:56 | INFO: Primitives created: 1
00:56:56 | INFO: Extracting primitive: RW_DrainRecess_4.001
00:56:56 | INFO: Primitives created: 1
00:56:56 | INFO: Extracting primitive: RW_DrainRecess_5.001
00:56:56 | INFO: Primitives created: 1
00:56:56 | INFO: Extracting primitive: RW_DuctFlanges_0.001
00:56:56 | INFO: Primitives created: 1
00:56:56 | INFO: Extracting primitive: RW_DuctFlanges_1.001
00:56:56 | INFO: Primitives created: 1
00:56:56 | INFO: Extracting primitive: RW_DuctFlanges_2.001
00:56:56 | INFO: Primitives created: 1
00:56:56 | INFO: Extracting primitive: RW_DuctFlanges_3.001
00:56:56 | INFO: Primitives created: 1
00:56:56 | INFO: Extracting primitive: RW_DuctFlanges_4.001
00:56:56 | INFO: Primitives created: 1
00:56:56 | INFO: Extracting primitive: RW_DuctFlanges_5.001
00:56:56 | INFO: Primitives created: 1
00:56:56 | INFO: Extracting primitive: RW_DuctSupports_0.001
00:56:56 | INFO: Primitives created: 2
00:56:56 | INFO: Extracting primitive: RW_DuctSupports_1.001
00:56:56 | INFO: Primitives created: 2
00:56:56 | INFO: Extracting primitive: RW_DuctSupports_2.001
00:56:56 | INFO: Primitives created: 2
00:56:56 | INFO: Extracting primitive: RW_DuctSupports_3.001
00:56:56 | INFO: Primitives created: 2
00:56:56 | INFO: Extracting primitive: RW_DuctSupports_4.001
00:56:56 | INFO: Primitives created: 2
00:56:56 | INFO: Extracting primitive: RW_DuctSupports_5.001
00:56:56 | INFO: Primitives created: 2
00:56:56 | INFO: Extracting primitive: RW_FloorJoints_0.001
00:56:56 | INFO: Primitives created: 1
00:56:56 | INFO: Extracting primitive: RW_FloorJoints_1.001
00:56:56 | INFO: Primitives created: 1
00:56:56 | INFO: Extracting primitive: RW_FloorJoints_2.001
00:56:56 | INFO: Primitives created: 1
00:56:56 | INFO: Extracting primitive: RW_FloorJoints_3.001
00:56:56 | INFO: Primitives created: 1
00:56:56 | INFO: Extracting primitive: RW_FloorJoints_4.001
00:56:56 | INFO: Primitives created: 1
00:56:56 | INFO: Extracting primitive: RW_FloorJoints_5.001
00:56:56 | INFO: Primitives created: 1
00:56:56 | INFO: Extracting primitive: RW_Oil_Car00.001
00:56:56 | WARNING: More than one shader node tex image used for a texture. The resulting glTF sampler will behave like the first shader node tex image.
00:56:56 | INFO: Primitives created: 1
00:56:56 | INFO: Extracting primitive: RW_Oil_Car02.001
00:56:56 | INFO: Primitives created: 1
00:56:56 | INFO: Extracting primitive: RW_Oil_Car04.001
00:56:56 | INFO: Primitives created: 1
00:56:56 | INFO: Extracting primitive: RW_Oil_Car06.001
00:56:56 | INFO: Primitives created: 1
00:56:56 | INFO: Extracting primitive: RW_Oil_Car08.001
00:56:56 | INFO: Primitives created: 1
00:56:56 | INFO: Extracting primitive: RW_Oil_Car10.001
00:56:56 | INFO: Primitives created: 1
00:56:56 | INFO: Extracting primitive: RW_Oil_Car12.001
00:56:56 | INFO: Primitives created: 1
00:56:56 | INFO: Extracting primitive: RW_Oil_Car14.001
00:56:56 | INFO: Primitives created: 1
00:56:56 | INFO: Extracting primitive: RW_Oil_Car16.001
00:56:56 | INFO: Primitives created: 1
00:56:56 | INFO: Extracting primitive: RW_Oil_Car18.001
00:56:56 | INFO: Primitives created: 1
00:56:56 | INFO: Extracting primitive: RW_PipeFlanges_0.001
00:56:56 | INFO: Primitives created: 2
00:56:56 | INFO: Extracting primitive: RW_PipeFlanges_1.001
00:56:56 | INFO: Primitives created: 2
00:56:56 | INFO: Extracting primitive: RW_PipeFlanges_2.001
00:56:56 | INFO: Primitives created: 2
00:56:56 | INFO: Extracting primitive: RW_PipeFlanges_3.001
00:56:56 | INFO: Primitives created: 2
00:56:56 | INFO: Extracting primitive: RW_PipeFlanges_4.001
00:56:56 | INFO: Primitives created: 2
00:56:56 | INFO: Extracting primitive: RW_PipeFlanges_5.001
00:56:56 | INFO: Primitives created: 2
00:56:56 | INFO: Extracting primitive: RW_PipeRunoff_0_1.001
00:56:56 | WARNING: More than one shader node tex image used for a texture. The resulting glTF sampler will behave like the first shader node tex image.
00:56:56 | INFO: Primitives created: 1
00:56:56 | INFO: Extracting primitive: RW_PipeRunoff_0_-1.001
00:56:56 | INFO: Primitives created: 1
00:56:56 | INFO: Extracting primitive: RW_PipeRunoff_1_1.001
00:56:56 | INFO: Primitives created: 1
00:56:56 | INFO: Extracting primitive: RW_PipeRunoff_1_-1.001
00:56:56 | INFO: Primitives created: 1
00:56:56 | INFO: Extracting primitive: RW_PipeRunoff_2_1.001
00:56:56 | INFO: Primitives created: 1
00:56:56 | INFO: Extracting primitive: RW_PipeRunoff_2_-1.001
00:56:56 | INFO: Primitives created: 1
00:56:56 | INFO: Extracting primitive: RW_PipeSupports_0.001
00:56:56 | INFO: Primitives created: 1
00:56:56 | INFO: Extracting primitive: RW_PipeSupports_1.001
00:56:56 | INFO: Primitives created: 1
00:56:56 | INFO: Extracting primitive: RW_PipeSupports_2.001
00:56:56 | INFO: Primitives created: 1
00:56:56 | INFO: Extracting primitive: RW_PipeSupports_3.001
00:56:56 | INFO: Primitives created: 1
00:56:56 | INFO: Extracting primitive: RW_PipeSupports_4.001
00:56:56 | INFO: Primitives created: 1
00:56:56 | INFO: Extracting primitive: RW_PipeSupports_5.001
00:56:56 | INFO: Primitives created: 1
00:56:56 | INFO: Extracting primitive: RW_TireLane_0.001
00:56:56 | WARNING: More than one shader node tex image used for a texture. The resulting glTF sampler will behave like the first shader node tex image.
00:56:56 | INFO: Primitives created: 1
00:56:56 | INFO: Extracting primitive: RW_TireLane_1.001
00:56:56 | INFO: Primitives created: 1
00:56:56 | INFO: Extracting primitive: RW_TireLane_2.001
00:56:56 | INFO: Primitives created: 1
00:56:56 | INFO: Extracting primitive: RW_TireLane_3.001
00:56:56 | INFO: Primitives created: 1
00:56:56 | INFO: Extracting primitive: WEAR_BreachDust.001
00:56:56 | INFO: Primitives created: 1
00:56:56 | INFO: Extracting primitive: WEAR_LocalRunoff.007
00:56:56 | INFO: Primitives created: 1
00:56:56 | INFO: Extracting primitive: WEAR_LocalRunoff.008
00:56:56 | INFO: Primitives created: 1
00:56:56 | INFO: Extracting primitive: WEAR_LocalRunoff.009
00:56:56 | INFO: Primitives created: 1
00:56:56 | INFO: Extracting primitive: WEAR_LocalRunoff.010
00:56:56 | INFO: Primitives created: 1
00:56:56 | INFO: Extracting primitive: WEAR_LocalRunoff.011
00:56:56 | INFO: Primitives created: 1
00:56:56 | INFO: Extracting primitive: WEAR_LocalRunoff.006
00:56:56 | INFO: Primitives created: 1
00:56:56 | INFO: Extracting primitive: WEAR_Paper_0.001
00:56:56 | INFO: Primitives created: 1
00:56:56 | INFO: Extracting primitive: WEAR_Paper_1.001
00:56:56 | INFO: Primitives created: 1
00:56:56 | INFO: Extracting primitive: WEAR_Paper_2.001
00:56:56 | INFO: Primitives created: 1
00:56:56 | INFO: Extracting primitive: WEAR_Paper_3.001
00:56:56 | INFO: Primitives created: 1
00:56:56 | INFO: Extracting primitive: WEAR_Paper_4.001
00:56:56 | INFO: Primitives created: 1
00:56:56 | INFO: Extracting primitive: WEAR_Paper_5.001
00:56:56 | INFO: Primitives created: 1
00:56:56 | INFO: Extracting primitive: WEAR_Paper_6.001
00:56:56 | INFO: Primitives created: 1
00:56:56 | INFO: Extracting primitive: WEAR_Paper_7.001
00:56:56 | INFO: Primitives created: 1
00:56:56 | INFO: Extracting primitive: WEAR_Paper_8.001
00:56:56 | INFO: Primitives created: 1
00:56:56 | INFO: Extracting primitive: WEAR_Puddle_00.001
00:56:56 | INFO: Primitives created: 1
00:56:56 | INFO: Extracting primitive: WEAR_Puddle_01.001
00:56:56 | INFO: Primitives created: 1
00:56:56 | INFO: Extracting primitive: WEAR_Puddle_02.001
00:56:56 | INFO: Primitives created: 1
00:56:56 | INFO: Extracting primitive: WEAR_Puddle_03.001
00:56:56 | INFO: Primitives created: 1
00:56:56 | INFO: Extracting primitive: WEAR_PuddleDarkenedConcrete_0.001
00:56:56 | INFO: Primitives created: 1
00:56:56 | INFO: Extracting primitive: WEAR_PuddleDarkenedConcrete_1.001
00:56:56 | INFO: Primitives created: 1
00:56:56 | INFO: Extracting primitive: WEAR_PuddleDarkenedConcrete_2.001
00:56:56 | INFO: Primitives created: 1
00:56:56 | INFO: Extracting primitive: WEAR_PuddleDarkenedConcrete_3.001
00:56:56 | INFO: Primitives created: 1
00:56:56 | INFO: Extracting primitive: WEAR_ScatteredGraffiti_0.001
00:56:56 | WARNING: More than one shader node tex image used for a texture. The resulting glTF sampler will behave like the first shader node tex image.
00:56:56 | INFO: Primitives created: 1
00:56:56 | INFO: Extracting primitive: WEAR_ScatteredGraffiti_1.001
00:56:56 | WARNING: More than one shader node tex image used for a texture. The resulting glTF sampler will behave like the first shader node tex image.
00:56:56 | INFO: Primitives created: 1
00:56:56 | INFO: Extracting primitive: WEAR_ScatteredGraffiti_2.001
00:56:56 | WARNING: More than one shader node tex image used for a texture. The resulting glTF sampler will behave like the first shader node tex image.
00:56:56 | INFO: Primitives created: 1
00:56:56 | INFO: Extracting primitive: WEAR_ScatteredGraffiti_3.001
00:56:56 | WARNING: More than one shader node tex image used for a texture. The resulting glTF sampler will behave like the first shader node tex image.
00:56:56 | INFO: Primitives created: 1
00:56:56 | INFO: Extracting primitive: WEAR_ThinDust_00.001
00:56:56 | INFO: Primitives created: 1
00:56:56 | INFO: Extracting primitive: WEAR_ThinDust_02.001
00:56:56 | INFO: Primitives created: 1
00:56:56 | INFO: Extracting primitive: WEAR_ThinDust_03.001
00:56:56 | INFO: Primitives created: 1
00:56:56 | INFO: Extracting primitive: parking_garage_Cube_001.001
00:56:56 | INFO: Primitives created: 1
00:56:56 | INFO: Extracting primitive: parking_garage_Entrance_Shutter.001
00:56:56 | WARNING: More than one shader node tex image used for a texture. The resulting glTF sampler will behave like the first shader node tex image.
00:56:56 | WARNING: More than one shader node tex image used for a texture. The resulting glTF sampler will behave like the first shader node tex image.
00:56:56 | INFO: Primitives created: 2
00:56:56 | INFO: Extracting primitive: parking_garage_Cube_096.002
00:56:56 | INFO: Primitives created: 1
00:56:56 | INFO: Extracting primitive: parking_garage_Cube_051.001
00:56:57 | INFO: Primitives created: 1
00:56:57 | INFO: Extracting primitive: parking_garage_Cube.002
00:56:57 | INFO: Primitives created: 1
00:56:57 | INFO: Extracting primitive: parking_garage_Cylinder.001
00:56:57 | INFO: Primitives created: 5
00:56:57 | INFO: Extracting primitive: parking_garage_Cube_002.001
00:56:57 | INFO: Primitives created: 1
00:56:57 | INFO: Extracting primitive: parking_garage_Cube_053.002
00:56:58 | INFO: Primitives created: 1
00:56:58 | INFO: Extracting primitive: ZERO_FRAME_FixtureDetails_ZF_FixtureRow00.002
00:56:58 | INFO: Primitives created: 2
00:56:58 | INFO: Extracting primitive: ZERO_FRAME_FixtureDetails_ZF_FixtureRow01.002
00:56:58 | INFO: Primitives created: 2
00:56:58 | INFO: Extracting primitive: ZERO_FRAME_FixtureDetails_ZF_FixtureRow02.002
00:56:58 | INFO: Primitives created: 2
00:56:58 | INFO: Extracting primitive: ZERO_FRAME_FixtureDetails_ZF_FixtureRow03.002
00:56:58 | INFO: Primitives created: 2
00:56:58 | INFO: Extracting primitive: ZERO_FRAME_FixtureDetails_ZF_FixtureRow04.002
00:56:58 | INFO: Primitives created: 2
00:56:58 | INFO: Extracting primitive: covered_car_1k_wheel_01.001
00:56:58 | INFO: Primitives created: 1
00:56:58 | INFO: Extracting primitive: covered_car_1k_wheel_02.001
00:56:58 | INFO: Primitives created: 1
00:56:58 | INFO: Extracting primitive: covered_car_1k_wheel_03.001
00:56:58 | INFO: Primitives created: 1
00:56:58 | INFO: Extracting primitive: covered_car_1k_wheel_04.001
00:56:58 | INFO: Primitives created: 1
00:56:58 | INFO: Extracting primitive: covered_car_1k_car_cover.001
00:56:58 | INFO: Primitives created: 1
00:56:58 | INFO: Extracting primitive: covered_car_1k_wheel_012.001
00:56:58 | INFO: Primitives created: 1
00:56:58 | INFO: Extracting primitive: covered_car_1k_wheel_022.001
00:56:58 | INFO: Primitives created: 1
00:56:58 | INFO: Extracting primitive: covered_car_1k_wheel_032.001
00:56:58 | INFO: Primitives created: 1
00:56:58 | INFO: Extracting primitive: covered_car_1k_wheel_042.001
00:56:58 | INFO: Primitives created: 1
00:56:58 | INFO: Extracting primitive: covered_car_1k_car_cover2.001
00:56:58 | INFO: Primitives created: 1
00:56:58 | INFO: Extracting primitive: covered_car_1k_wheel_013.002
00:56:58 | INFO: Primitives created: 1
00:56:58 | INFO: Extracting primitive: covered_car_1k_wheel_023.002
00:56:58 | INFO: Primitives created: 1
00:56:58 | INFO: Extracting primitive: covered_car_1k_wheel_033.002
00:56:58 | INFO: Primitives created: 1
00:56:58 | INFO: Extracting primitive: covered_car_1k_wheel_043.002
00:56:58 | INFO: Primitives created: 1
00:56:58 | INFO: Extracting primitive: covered_car_1k_car_cover3.002
00:56:58 | INFO: Primitives created: 1
00:56:58 | INFO: Extracting primitive: covered_car_1k_wheel_014.001
00:56:58 | INFO: Primitives created: 1
00:56:58 | INFO: Extracting primitive: covered_car_1k_wheel_024.001
00:56:58 | INFO: Primitives created: 1
00:56:58 | INFO: Extracting primitive: covered_car_1k_wheel_034.001
00:56:58 | INFO: Primitives created: 1
00:56:58 | INFO: Extracting primitive: covered_car_1k_wheel_044.001
00:56:58 | INFO: Primitives created: 1
00:56:58 | INFO: Extracting primitive: covered_car_1k_car_cover4.001
00:56:58 | INFO: Primitives created: 1
00:56:58 | INFO: Extracting primitive: covered_car_1k_wheel_015.001
00:56:58 | INFO: Primitives created: 1
00:56:58 | INFO: Extracting primitive: covered_car_1k_wheel_025.001
00:56:58 | INFO: Primitives created: 1
00:56:58 | INFO: Extracting primitive: covered_car_1k_wheel_035.001
00:56:58 | INFO: Primitives created: 1
00:56:58 | INFO: Extracting primitive: covered_car_1k_wheel_045.001
00:56:58 | INFO: Primitives created: 1
00:56:58 | INFO: Extracting primitive: covered_car_1k_car_cover5.001
00:56:58 | INFO: Primitives created: 1
00:56:58 | INFO: Extracting primitive: covered_car_1k_wheel_016.002
00:56:58 | INFO: Primitives created: 1
00:56:58 | INFO: Extracting primitive: covered_car_1k_wheel_026.002
00:56:58 | INFO: Primitives created: 1
00:56:58 | INFO: Extracting primitive: covered_car_1k_wheel_036.002
00:56:58 | INFO: Primitives created: 1
00:56:58 | INFO: Extracting primitive: covered_car_1k_wheel_046.002
00:56:58 | INFO: Primitives created: 1
00:56:58 | INFO: Extracting primitive: covered_car_1k_car_cover6.002
00:56:58 | INFO: Primitives created: 1
00:56:58 | INFO: Extracting primitive: covered_car_1k_wheel_017.001
00:56:58 | INFO: Primitives created: 1
00:56:58 | INFO: Extracting primitive: covered_car_1k_wheel_027.001
00:56:58 | INFO: Primitives created: 1
00:56:58 | INFO: Extracting primitive: covered_car_1k_wheel_037.001
00:56:58 | INFO: Primitives created: 1
00:56:58 | INFO: Extracting primitive: covered_car_1k_wheel_047.001
00:56:58 | INFO: Primitives created: 1
00:56:58 | INFO: Extracting primitive: covered_car_1k_car_cover7.001
00:56:58 | INFO: Primitives created: 1
00:56:58 | INFO: Extracting primitive: covered_car_1k_wheel_018.001
00:56:58 | INFO: Primitives created: 1
00:56:58 | INFO: Extracting primitive: covered_car_1k_wheel_028.001
00:56:58 | INFO: Primitives created: 1
00:56:58 | INFO: Extracting primitive: covered_car_1k_wheel_038.001
00:56:58 | INFO: Primitives created: 1
00:56:58 | INFO: Extracting primitive: covered_car_1k_wheel_048.001
00:56:58 | INFO: Primitives created: 1
00:56:58 | INFO: Extracting primitive: covered_car_1k_car_cover8.001
00:56:58 | INFO: Primitives created: 1
00:56:58 | INFO: Extracting primitive: covered_car_1k_wheel_019.001
00:56:58 | INFO: Primitives created: 1
00:56:58 | INFO: Extracting primitive: covered_car_1k_wheel_029.001
00:56:58 | INFO: Primitives created: 1
00:56:58 | INFO: Extracting primitive: covered_car_1k_wheel_039.001
00:56:58 | INFO: Primitives created: 1
00:56:58 | INFO: Extracting primitive: covered_car_1k_wheel_049.001
00:56:58 | INFO: Primitives created: 1
00:56:58 | INFO: Extracting primitive: covered_car_1k_car_cover9.001
00:56:58 | INFO: Primitives created: 1
00:56:58 | INFO: Extracting primitive: covered_car_1k_wheel_0110.001
00:56:58 | INFO: Primitives created: 1
00:56:58 | INFO: Extracting primitive: covered_car_1k_wheel_0210.001
00:56:58 | INFO: Primitives created: 1
00:56:58 | INFO: Extracting primitive: covered_car_1k_wheel_0310.001
00:56:58 | INFO: Primitives created: 1
00:56:58 | INFO: Extracting primitive: covered_car_1k_wheel_0410.001
00:56:58 | INFO: Primitives created: 1
00:56:58 | INFO: Extracting primitive: covered_car_1k_car_cover10.001
00:56:58 | INFO: Primitives created: 1
00:56:58 | INFO: Extracting primitive: covered_car_1k_wheel_0111.002
00:56:58 | INFO: Primitives created: 1
00:56:58 | INFO: Extracting primitive: covered_car_1k_wheel_0211.002
00:56:58 | INFO: Primitives created: 1
00:56:58 | INFO: Extracting primitive: covered_car_1k_wheel_0311.002
00:56:58 | INFO: Primitives created: 1
00:56:58 | INFO: Extracting primitive: covered_car_1k_wheel_0411.002
00:56:58 | INFO: Primitives created: 1
00:56:58 | INFO: Extracting primitive: covered_car_1k_car_cover11.002
00:56:58 | INFO: Primitives created: 1
00:56:58 | INFO: Extracting primitive: covered_car_1k_wheel_0112.001
00:56:58 | INFO: Primitives created: 1
00:56:58 | INFO: Extracting primitive: covered_car_1k_wheel_0212.001
00:56:58 | INFO: Primitives created: 1
00:56:58 | INFO: Extracting primitive: covered_car_1k_wheel_0312.001
00:56:58 | INFO: Primitives created: 1
00:56:58 | INFO: Extracting primitive: covered_car_1k_wheel_0412.001
00:56:58 | INFO: Primitives created: 1
00:56:58 | INFO: Extracting primitive: covered_car_1k_car_cover12.001
00:56:58 | INFO: Primitives created: 1
00:56:58 | INFO: Extracting primitive: covered_car_1k_wheel_0113.001
00:56:58 | INFO: Primitives created: 1
00:56:58 | INFO: Extracting primitive: covered_car_1k_wheel_0213.001
00:56:58 | INFO: Primitives created: 1
00:56:58 | INFO: Extracting primitive: covered_car_1k_wheel_0313.001
00:56:58 | INFO: Primitives created: 1
00:56:58 | INFO: Extracting primitive: covered_car_1k_wheel_0413.001
00:56:58 | INFO: Primitives created: 1
00:56:58 | INFO: Extracting primitive: covered_car_1k_car_cover13.001
00:56:58 | INFO: Primitives created: 1
00:56:58 | INFO: Extracting primitive: covered_car_1k_wheel_0114.001
00:56:58 | INFO: Primitives created: 1
00:56:58 | INFO: Extracting primitive: covered_car_1k_wheel_0214.001
00:56:58 | INFO: Primitives created: 1
00:56:58 | INFO: Extracting primitive: covered_car_1k_wheel_0314.001
00:56:58 | INFO: Primitives created: 1
00:56:58 | INFO: Extracting primitive: covered_car_1k_wheel_0414.001
00:56:58 | INFO: Primitives created: 1
00:56:58 | INFO: Extracting primitive: covered_car_1k_car_cover14.001
00:56:58 | INFO: Primitives created: 1
00:56:58 | INFO: Extracting primitive: covered_car_1k_wheel_0115.002
00:56:58 | INFO: Primitives created: 1
00:56:58 | INFO: Extracting primitive: covered_car_1k_wheel_0215.002
00:56:58 | INFO: Primitives created: 1
00:56:58 | INFO: Extracting primitive: covered_car_1k_wheel_0315.002
00:56:58 | INFO: Primitives created: 1
00:56:58 | INFO: Extracting primitive: covered_car_1k_wheel_0415.002
00:56:58 | INFO: Primitives created: 1
00:56:58 | INFO: Extracting primitive: covered_car_1k_car_cover15.002
00:56:58 | INFO: Primitives created: 1
00:56:58 | INFO: Extracting primitive: covered_car_1k_wheel_0116.001
00:56:58 | INFO: Primitives created: 1
00:56:58 | INFO: Extracting primitive: covered_car_1k_wheel_0216.001
00:56:58 | INFO: Primitives created: 1
00:56:58 | INFO: Extracting primitive: covered_car_1k_wheel_0316.001
00:56:58 | INFO: Primitives created: 1
00:56:58 | INFO: Extracting primitive: covered_car_1k_wheel_0416.001
00:56:58 | INFO: Primitives created: 1
00:56:58 | INFO: Extracting primitive: covered_car_1k_car_cover16.001
00:56:58 | INFO: Primitives created: 1
00:56:58 | INFO: Extracting primitive: covered_car_1k_wheel_0117.001
00:56:58 | INFO: Primitives created: 1
00:56:58 | INFO: Extracting primitive: covered_car_1k_wheel_0217.001
00:56:58 | INFO: Primitives created: 1
00:56:58 | INFO: Extracting primitive: covered_car_1k_wheel_0317.001
00:56:58 | INFO: Primitives created: 1
00:56:58 | INFO: Extracting primitive: covered_car_1k_wheel_0417.001
00:56:58 | INFO: Primitives created: 1
00:56:58 | INFO: Extracting primitive: covered_car_1k_car_cover17.001
00:56:58 | INFO: Primitives created: 1
00:56:58 | INFO: Extracting primitive: covered_car_1k_wheel_0118.001
00:56:58 | INFO: Primitives created: 1
00:56:58 | INFO: Extracting primitive: covered_car_1k_wheel_0218.001
00:56:58 | INFO: Primitives created: 1
00:56:58 | INFO: Extracting primitive: covered_car_1k_wheel_0318.001
00:56:58 | INFO: Primitives created: 1
00:56:58 | INFO: Extracting primitive: covered_car_1k_wheel_0418.001
00:56:58 | INFO: Primitives created: 1
00:56:58 | INFO: Extracting primitive: covered_car_1k_car_cover18.001
00:56:58 | INFO: Primitives created: 1
00:56:58 | INFO: Extracting primitive: covered_car_1k_wheel_0119.001
00:56:58 | INFO: Primitives created: 1
00:56:58 | INFO: Extracting primitive: covered_car_1k_wheel_0219.001
00:56:58 | INFO: Primitives created: 1
00:56:58 | INFO: Extracting primitive: covered_car_1k_wheel_0319.001
00:56:58 | INFO: Primitives created: 1
00:56:58 | INFO: Extracting primitive: covered_car_1k_wheel_0419.001
00:56:58 | INFO: Primitives created: 1
00:56:58 | INFO: Extracting primitive: covered_car_1k_car_cover19.001
00:56:58 | INFO: Primitives created: 1
00:56:58 | INFO: Extracting primitive: covered_car_1k_wheel_0120.001
00:56:58 | INFO: Primitives created: 1
00:56:58 | INFO: Extracting primitive: covered_car_1k_wheel_0220.001
00:56:58 | INFO: Primitives created: 1
00:56:58 | INFO: Extracting primitive: covered_car_1k_wheel_0320.001
00:56:58 | INFO: Primitives created: 1
00:56:58 | INFO: Extracting primitive: covered_car_1k_wheel_0420.001
00:56:58 | INFO: Primitives created: 1
00:56:58 | INFO: Extracting primitive: covered_car_1k_car_cover20.001
00:56:58 | INFO: Primitives created: 1
00:56:58 | INFO: Extracting primitive: painted_wooden_shelves_1k_shevles_001.001
00:56:58 | WARNING: More than one shader node tex image used for a texture. The resulting glTF sampler will behave like the first shader node tex image.
00:56:58 | INFO: Primitives created: 1
00:56:58 | INFO: Extracting primitive: painted_wooden_shelves_1k_shevles_0012.001
00:56:58 | INFO: Primitives created: 1
00:56:58 | INFO: Extracting primitive: painted_wooden_shelves_1k_shevles_0013.001
00:56:58 | INFO: Primitives created: 1
00:56:58 | INFO: Extracting primitive: painted_wooden_shelves_1k_shevles_0014.001
00:56:58 | INFO: Primitives created: 1
00:56:58 | INFO: Extracting primitive: cardboard_box_01_1k_cardboard_box_01.001
00:56:58 | WARNING: More than one shader node tex image used for a texture. The resulting glTF sampler will behave like the first shader node tex image.
00:56:58 | INFO: Primitives created: 1
00:56:58 | INFO: Extracting primitive: cardboard_box_01_1k_cardboard_box_012.001
00:56:58 | INFO: Primitives created: 1
00:56:58 | INFO: Extracting primitive: cardboard_box_01_1k_cardboard_box_013.001
00:56:58 | INFO: Primitives created: 1
00:56:58 | INFO: Extracting primitive: cardboard_box_01_1k_cardboard_box_014.001
00:56:58 | INFO: Primitives created: 1
00:56:58 | INFO: Extracting primitive: cardboard_box_01_1k_cardboard_box_015.001
00:56:58 | INFO: Primitives created: 1
00:56:58 | INFO: Extracting primitive: old_military_crate_1k_Mesh_005.001
00:56:58 | WARNING: More than one shader node tex image used for a texture. The resulting glTF sampler will behave like the first shader node tex image.
00:56:58 | INFO: Primitives created: 1
00:56:58 | INFO: Extracting primitive: old_military_crate_1k_NurbsPath.001
00:56:58 | INFO: Primitives created: 1
00:56:58 | INFO: Extracting primitive: old_military_crate_1k_Cube_006.001
00:56:58 | INFO: Primitives created: 1
00:56:58 | INFO: Extracting primitive: old_military_crate_1k_Cloth_MFlat_002.001
00:56:58 | INFO: Primitives created: 1
00:56:58 | INFO: Extracting primitive: old_military_crate_1k_Mesh_015.001
00:56:58 | INFO: Primitives created: 1
00:56:58 | INFO: Extracting primitive: old_military_crate_1k_Mesh_0052.001
00:56:58 | INFO: Primitives created: 1
00:56:58 | INFO: Extracting primitive: old_military_crate_1k_NurbsPath2.001
00:56:58 | INFO: Primitives created: 1
00:56:58 | INFO: Extracting primitive: old_military_crate_1k_Cube_0062.001
00:56:58 | INFO: Primitives created: 1
00:56:58 | INFO: Extracting primitive: old_military_crate_1k_Cloth_MFlat_0022.001
00:56:58 | INFO: Primitives created: 1
00:56:58 | INFO: Extracting primitive: old_military_crate_1k_Mesh_0152.001
00:56:58 | INFO: Primitives created: 1
00:56:58 | INFO: Extracting primitive: old_military_crate_1k_Mesh_0053.001
00:56:58 | INFO: Primitives created: 1
00:56:58 | INFO: Extracting primitive: old_military_crate_1k_NurbsPath3.001
00:56:58 | INFO: Primitives created: 1
00:56:58 | INFO: Extracting primitive: old_military_crate_1k_Cube_0063.001
00:56:58 | INFO: Primitives created: 1
00:56:58 | INFO: Extracting primitive: old_military_crate_1k_Cloth_MFlat_0023.001
00:56:58 | INFO: Primitives created: 1
00:56:58 | INFO: Extracting primitive: old_military_crate_1k_Mesh_0153.001
00:56:58 | INFO: Primitives created: 1
00:56:58 | INFO: Extracting primitive: old_military_crate_1k_Mesh_0054.001
00:56:58 | INFO: Primitives created: 1
00:56:58 | INFO: Extracting primitive: old_military_crate_1k_NurbsPath4.001
00:56:58 | INFO: Primitives created: 1
00:56:58 | INFO: Extracting primitive: old_military_crate_1k_Cube_0064.001
00:56:58 | INFO: Primitives created: 1
00:56:58 | INFO: Extracting primitive: old_military_crate_1k_Cloth_MFlat_0024.001
00:56:58 | INFO: Primitives created: 1
00:56:58 | INFO: Extracting primitive: old_military_crate_1k_Mesh_0154.001
00:56:58 | INFO: Primitives created: 1
00:56:58 | INFO: Extracting primitive: industrial_pastic_container_1k_Cube_025.001
00:56:58 | WARNING: More than one shader node tex image used for a texture. The resulting glTF sampler will behave like the first shader node tex image.
00:56:58 | INFO: Primitives created: 1
00:56:58 | INFO: Extracting primitive: industrial_pastic_container_1k_Cube_019.001
00:56:58 | INFO: Primitives created: 1
00:56:58 | INFO: Extracting primitive: industrial_pastic_container_1k_Cube_021.001
00:56:58 | INFO: Primitives created: 1
00:56:58 | INFO: Extracting primitive: industrial_pastic_container_1k_Cube_0252.001
00:56:58 | INFO: Primitives created: 1
00:56:58 | INFO: Extracting primitive: industrial_pastic_container_1k_Cube_0192.001
00:56:58 | INFO: Primitives created: 1
00:56:58 | INFO: Extracting primitive: industrial_pastic_container_1k_Cube_0212.001
00:56:58 | INFO: Primitives created: 1
00:56:58 | INFO: Extracting primitive: industrial_pastic_container_1k_Cube_0253.001
00:56:58 | INFO: Primitives created: 1
00:56:58 | INFO: Extracting primitive: industrial_pastic_container_1k_Cube_0193.001
00:56:58 | INFO: Primitives created: 1
00:56:58 | INFO: Extracting primitive: industrial_pastic_container_1k_Cube_0213.001
00:56:58 | INFO: Primitives created: 1
00:56:58 | INFO: Extracting primitive: cement_bag_1k_cement_bag.001
00:56:58 | WARNING: More than one shader node tex image used for a texture. The resulting glTF sampler will behave like the first shader node tex image.
00:56:58 | INFO: Primitives created: 1
00:56:58 | INFO: Extracting primitive: cement_bag_1k_cement_bag2.001
00:56:58 | INFO: Primitives created: 1
00:56:58 | INFO: Extracting primitive: barrel_03_1k_Circle_002.001
00:56:58 | WARNING: More than one shader node tex image used for a texture. The resulting glTF sampler will behave like the first shader node tex image.
00:56:58 | INFO: Primitives created: 1
00:56:58 | INFO: Extracting primitive: painted_wooden_shelves_1k_shevles_0015.001
00:56:58 | INFO: Primitives created: 1
00:56:58 | INFO: Extracting primitive: painted_wooden_shelves_1k_shevles_0016.001
00:56:58 | INFO: Primitives created: 1
00:56:58 | INFO: Extracting primitive: cardboard_box_01_1k_cardboard_box_016.001
00:56:58 | INFO: Primitives created: 1
00:56:58 | INFO: Extracting primitive: cardboard_box_01_1k_cardboard_box_017.001
00:56:58 | INFO: Primitives created: 1
00:56:58 | INFO: Extracting primitive: cardboard_box_01_1k_cardboard_box_018.001
00:56:58 | INFO: Primitives created: 1
00:56:58 | INFO: Extracting primitive: old_military_crate_1k_Mesh_0055.001
00:56:58 | INFO: Primitives created: 1
00:56:58 | INFO: Extracting primitive: old_military_crate_1k_NurbsPath5.001
00:56:59 | INFO: Primitives created: 1
00:56:59 | INFO: Extracting primitive: old_military_crate_1k_Cube_0065.001
00:56:59 | INFO: Primitives created: 1
00:56:59 | INFO: Extracting primitive: old_military_crate_1k_Cloth_MFlat_0025.001
00:56:59 | INFO: Primitives created: 1
00:56:59 | INFO: Extracting primitive: old_military_crate_1k_Mesh_0155.001
00:56:59 | INFO: Primitives created: 1
00:56:59 | INFO: Extracting primitive: old_military_crate_1k_Mesh_0056.001
00:56:59 | INFO: Primitives created: 1
00:56:59 | INFO: Extracting primitive: old_military_crate_1k_NurbsPath6.001
00:56:59 | INFO: Primitives created: 1
00:56:59 | INFO: Extracting primitive: old_military_crate_1k_Cube_0066.001
00:56:59 | INFO: Primitives created: 1
00:56:59 | INFO: Extracting primitive: old_military_crate_1k_Cloth_MFlat_0026.001
00:56:59 | INFO: Primitives created: 1
00:56:59 | INFO: Extracting primitive: old_military_crate_1k_Mesh_0156.001
00:56:59 | INFO: Primitives created: 1
00:56:59 | INFO: Extracting primitive: old_military_crate_1k_Mesh_0057.001
00:56:59 | INFO: Primitives created: 1
00:56:59 | INFO: Extracting primitive: old_military_crate_1k_NurbsPath7.001
00:56:59 | INFO: Primitives created: 1
00:56:59 | INFO: Extracting primitive: old_military_crate_1k_Cube_0067.001
00:56:59 | INFO: Primitives created: 1
00:56:59 | INFO: Extracting primitive: old_military_crate_1k_Cloth_MFlat_0027.001
00:56:59 | INFO: Primitives created: 1
00:56:59 | INFO: Extracting primitive: old_military_crate_1k_Mesh_0157.001
00:56:59 | INFO: Primitives created: 1
00:56:59 | INFO: Extracting primitive: old_military_crate_1k_Mesh_0058.001
00:56:59 | INFO: Primitives created: 1
00:56:59 | INFO: Extracting primitive: old_military_crate_1k_NurbsPath8.001
00:56:59 | INFO: Primitives created: 1
00:56:59 | INFO: Extracting primitive: old_military_crate_1k_Cube_0068.001
00:56:59 | INFO: Primitives created: 1
00:56:59 | INFO: Extracting primitive: old_military_crate_1k_Cloth_MFlat_0028.001
00:56:59 | INFO: Primitives created: 1
00:56:59 | INFO: Extracting primitive: old_military_crate_1k_Mesh_0158.001
00:56:59 | INFO: Primitives created: 1
00:56:59 | INFO: Extracting primitive: industrial_pastic_container_1k_Cube_0254.001
00:56:59 | INFO: Primitives created: 1
00:56:59 | INFO: Extracting primitive: industrial_pastic_container_1k_Cube_0194.001
00:56:59 | INFO: Primitives created: 1
00:56:59 | INFO: Extracting primitive: industrial_pastic_container_1k_Cube_0214.001
00:56:59 | INFO: Primitives created: 1
00:56:59 | INFO: Extracting primitive: cement_bag_1k_cement_bag3.001
00:56:59 | INFO: Primitives created: 1
00:56:59 | INFO: Extracting primitive: barrel_03_1k_Circle_0022.001
00:56:59 | INFO: Primitives created: 1
00:56:59 | INFO: Extracting primitive: painted_wooden_shelves_1k_shevles_0017.001
00:56:59 | INFO: Primitives created: 1
00:56:59 | INFO: Extracting primitive: painted_wooden_shelves_1k_shevles_0018.001
00:56:59 | INFO: Primitives created: 1
00:56:59 | INFO: Extracting primitive: painted_wooden_shelves_1k_shevles_0019.001
00:56:59 | INFO: Primitives created: 1
00:56:59 | INFO: Extracting primitive: cardboard_box_01_1k_cardboard_box_019.001
00:56:59 | INFO: Primitives created: 1
00:56:59 | INFO: Extracting primitive: cardboard_box_01_1k_cardboard_box_0110.001
00:56:59 | INFO: Primitives created: 1
00:56:59 | INFO: Extracting primitive: cardboard_box_01_1k_cardboard_box_0111.001
00:56:59 | INFO: Primitives created: 1
00:56:59 | INFO: Extracting primitive: cardboard_box_01_1k_cardboard_box_0112.001
00:56:59 | INFO: Primitives created: 1
00:56:59 | INFO: Extracting primitive: cardboard_box_01_1k_cardboard_box_0113.001
00:56:59 | INFO: Primitives created: 1
00:56:59 | INFO: Extracting primitive: old_military_crate_1k_Mesh_0059.001
00:56:59 | INFO: Primitives created: 1
00:56:59 | INFO: Extracting primitive: old_military_crate_1k_NurbsPath9.001
00:56:59 | INFO: Primitives created: 1
00:56:59 | INFO: Extracting primitive: old_military_crate_1k_Cube_0069.001
00:56:59 | INFO: Primitives created: 1
00:56:59 | INFO: Extracting primitive: old_military_crate_1k_Cloth_MFlat_0029.001
00:56:59 | INFO: Primitives created: 1
00:56:59 | INFO: Extracting primitive: old_military_crate_1k_Mesh_0159.001
00:56:59 | INFO: Primitives created: 1
00:56:59 | INFO: Extracting primitive: old_military_crate_1k_Mesh_00510.001
00:56:59 | INFO: Primitives created: 1
00:56:59 | INFO: Extracting primitive: old_military_crate_1k_NurbsPath10.001
00:56:59 | INFO: Primitives created: 1
00:56:59 | INFO: Extracting primitive: old_military_crate_1k_Cube_00610.001
00:56:59 | INFO: Primitives created: 1
00:56:59 | INFO: Extracting primitive: old_military_crate_1k_Cloth_MFlat_00210.001
00:56:59 | INFO: Primitives created: 1
00:56:59 | INFO: Extracting primitive: old_military_crate_1k_Mesh_01510.001
00:56:59 | INFO: Primitives created: 1
00:56:59 | INFO: Extracting primitive: industrial_pastic_container_1k_Cube_0255.001
00:56:59 | INFO: Primitives created: 1
00:56:59 | INFO: Extracting primitive: industrial_pastic_container_1k_Cube_0195.001
00:56:59 | INFO: Primitives created: 1
00:56:59 | INFO: Extracting primitive: industrial_pastic_container_1k_Cube_0215.001
00:56:59 | INFO: Primitives created: 1
00:56:59 | INFO: Extracting primitive: industrial_pastic_container_1k_Cube_0256.001
00:56:59 | INFO: Primitives created: 1
00:56:59 | INFO: Extracting primitive: industrial_pastic_container_1k_Cube_0196.001
00:56:59 | INFO: Primitives created: 1
00:56:59 | INFO: Extracting primitive: industrial_pastic_container_1k_Cube_0216.001
00:56:59 | INFO: Primitives created: 1
00:56:59 | INFO: Extracting primitive: industrial_pastic_container_1k_Cube_0257.001
00:56:59 | INFO: Primitives created: 1
00:56:59 | INFO: Extracting primitive: industrial_pastic_container_1k_Cube_0197.001
00:56:59 | INFO: Primitives created: 1
00:56:59 | INFO: Extracting primitive: industrial_pastic_container_1k_Cube_0217.001
00:56:59 | INFO: Primitives created: 1
00:56:59 | INFO: Extracting primitive: cement_bag_1k_cement_bag4.001
00:56:59 | INFO: Primitives created: 1
00:56:59 | INFO: Extracting primitive: barrel_03_1k_Circle_0023.001
00:56:59 | INFO: Primitives created: 1
00:56:59 | INFO: Extracting primitive: barrel_03_1k_Circle_0024.001
00:56:59 | INFO: Primitives created: 1
00:56:59 | INFO: Extracting primitive: painted_wooden_shelves_1k_shevles_00110.001
00:56:59 | INFO: Primitives created: 1
00:56:59 | INFO: Extracting primitive: painted_wooden_shelves_1k_shevles_00111.001
00:56:59 | INFO: Primitives created: 1
00:56:59 | INFO: Extracting primitive: painted_wooden_shelves_1k_shevles_00112.001
00:56:59 | INFO: Primitives created: 1
00:56:59 | INFO: Extracting primitive: painted_wooden_shelves_1k_shevles_00113.001
00:56:59 | INFO: Primitives created: 1
00:56:59 | INFO: Extracting primitive: cardboard_box_01_1k_cardboard_box_0114.001
00:56:59 | INFO: Primitives created: 1
00:56:59 | INFO: Extracting primitive: cardboard_box_01_1k_cardboard_box_0115.001
00:56:59 | INFO: Primitives created: 1
00:56:59 | INFO: Extracting primitive: cardboard_box_01_1k_cardboard_box_0116.001
00:56:59 | INFO: Primitives created: 1
00:56:59 | INFO: Extracting primitive: old_military_crate_1k_Mesh_00511.001
00:56:59 | INFO: Primitives created: 1
00:56:59 | INFO: Extracting primitive: old_military_crate_1k_NurbsPath11.001
00:56:59 | INFO: Primitives created: 1
00:56:59 | INFO: Extracting primitive: old_military_crate_1k_Cube_00611.001
00:56:59 | INFO: Primitives created: 1
00:56:59 | INFO: Extracting primitive: old_military_crate_1k_Cloth_MFlat_00211.001
00:56:59 | INFO: Primitives created: 1
00:56:59 | INFO: Extracting primitive: old_military_crate_1k_Mesh_01511.001
00:56:59 | INFO: Primitives created: 1
00:56:59 | INFO: Extracting primitive: old_military_crate_1k_Mesh_00512.001
00:56:59 | INFO: Primitives created: 1
00:56:59 | INFO: Extracting primitive: old_military_crate_1k_NurbsPath12.001
00:56:59 | INFO: Primitives created: 1
00:56:59 | INFO: Extracting primitive: old_military_crate_1k_Cube_00612.001
00:56:59 | INFO: Primitives created: 1
00:56:59 | INFO: Extracting primitive: old_military_crate_1k_Cloth_MFlat_00212.001
00:56:59 | INFO: Primitives created: 1
00:56:59 | INFO: Extracting primitive: old_military_crate_1k_Mesh_01512.001
00:56:59 | INFO: Primitives created: 1
00:56:59 | INFO: Extracting primitive: industrial_pastic_container_1k_Cube_0258.001
00:56:59 | INFO: Primitives created: 1
00:56:59 | INFO: Extracting primitive: industrial_pastic_container_1k_Cube_0198.001
00:56:59 | INFO: Primitives created: 1
00:56:59 | INFO: Extracting primitive: industrial_pastic_container_1k_Cube_0218.001
00:56:59 | INFO: Primitives created: 1
00:56:59 | INFO: Extracting primitive: industrial_pastic_container_1k_Cube_0259.001
00:56:59 | INFO: Primitives created: 1
00:56:59 | INFO: Extracting primitive: industrial_pastic_container_1k_Cube_0199.001
00:56:59 | INFO: Primitives created: 1
00:56:59 | INFO: Extracting primitive: industrial_pastic_container_1k_Cube_0219.001
00:56:59 | INFO: Primitives created: 1
00:56:59 | INFO: Extracting primitive: industrial_pastic_container_1k_Cube_02510.001
00:56:59 | INFO: Primitives created: 1
00:56:59 | INFO: Extracting primitive: industrial_pastic_container_1k_Cube_01910.001
00:56:59 | INFO: Primitives created: 1
00:56:59 | INFO: Extracting primitive: industrial_pastic_container_1k_Cube_02110.001
00:56:59 | INFO: Primitives created: 1
00:56:59 | INFO: Extracting primitive: cement_bag_1k_cement_bag5.001
00:56:59 | INFO: Primitives created: 1
00:56:59 | INFO: Extracting primitive: barrel_03_1k_Circle_0025.001
00:56:59 | INFO: Primitives created: 1
00:56:59 | INFO: Extracting primitive: barrel_03_1k_Circle_0026.001
00:56:59 | INFO: Primitives created: 1
00:56:59 | INFO: Extracting primitive: metal_tool_chest_1k_Cube_031.001
00:56:59 | WARNING: More than one shader node tex image used for a texture. The resulting glTF sampler will behave like the first shader node tex image.
00:56:59 | INFO: Primitives created: 1
00:56:59 | INFO: Extracting primitive: metal_tool_chest_1k_Plane_011.001
00:56:59 | INFO: Primitives created: 1
00:56:59 | INFO: Extracting primitive: metal_tool_chest_1k_Cube_035.001
00:56:59 | INFO: Primitives created: 1
00:56:59 | INFO: Extracting primitive: metal_tool_chest_1k_BezierCurve_003.001
00:56:59 | INFO: Primitives created: 1
00:56:59 | INFO: Extracting primitive: metal_tool_chest_1k_Cylinder_001.001
00:56:59 | INFO: Primitives created: 1
00:56:59 | INFO: Extracting primitive: metal_tool_chest_1k_Plane_001.001
00:56:59 | INFO: Primitives created: 1
00:56:59 | INFO: Extracting primitive: metal_tool_chest_1k_BezierCurve_001.001
00:56:59 | INFO: Primitives created: 1
00:56:59 | INFO: Extracting primitive: industrial_storage_cart_1k_Cube_001.001
00:56:59 | WARNING: More than one shader node tex image used for a texture. The resulting glTF sampler will behave like the first shader node tex image.
00:56:59 | INFO: Primitives created: 1
00:56:59 | INFO: Extracting primitive: industrial_storage_cart_1k_Cube_0012.001
00:56:59 | INFO: Primitives created: 1
00:56:59 | INFO: Extracting primitive: old_military_crate_1k_Mesh_00513.001
00:56:59 | INFO: Primitives created: 1
00:56:59 | INFO: Extracting primitive: old_military_crate_1k_NurbsPath13.001
00:56:59 | INFO: Primitives created: 1
00:56:59 | INFO: Extracting primitive: old_military_crate_1k_Cube_00613.001
00:56:59 | INFO: Primitives created: 1
00:56:59 | INFO: Extracting primitive: old_military_crate_1k_Cloth_MFlat_00213.001
00:56:59 | INFO: Primitives created: 1
00:56:59 | INFO: Extracting primitive: old_military_crate_1k_Mesh_01513.001
00:56:59 | INFO: Primitives created: 1
00:56:59 | INFO: Extracting primitive: old_military_crate_1k_Mesh_00514.001
00:56:59 | INFO: Primitives created: 1
00:56:59 | INFO: Extracting primitive: old_military_crate_1k_NurbsPath14.001
00:56:59 | INFO: Primitives created: 1
00:56:59 | INFO: Extracting primitive: old_military_crate_1k_Cube_00614.001
00:56:59 | INFO: Primitives created: 1
00:56:59 | INFO: Extracting primitive: old_military_crate_1k_Cloth_MFlat_00214.001
00:56:59 | INFO: Primitives created: 1
00:56:59 | INFO: Extracting primitive: old_military_crate_1k_Mesh_01514.001
00:56:59 | INFO: Primitives created: 1
00:56:59 | INFO: Extracting primitive: old_military_crate_1k_Mesh_00515.001
00:56:59 | INFO: Primitives created: 1
00:56:59 | INFO: Extracting primitive: old_military_crate_1k_NurbsPath15.001
00:56:59 | INFO: Primitives created: 1
00:56:59 | INFO: Extracting primitive: old_military_crate_1k_Cube_00615.001
00:56:59 | INFO: Primitives created: 1
00:56:59 | INFO: Extracting primitive: old_military_crate_1k_Cloth_MFlat_00215.001
00:56:59 | INFO: Primitives created: 1
00:56:59 | INFO: Extracting primitive: old_military_crate_1k_Mesh_01515.001
00:56:59 | INFO: Primitives created: 1
00:56:59 | INFO: Extracting primitive: old_military_crate_1k_Mesh_00516.001
00:56:59 | INFO: Primitives created: 1
00:56:59 | INFO: Extracting primitive: old_military_crate_1k_NurbsPath16.001
00:56:59 | INFO: Primitives created: 1
00:56:59 | INFO: Extracting primitive: old_military_crate_1k_Cube_00616.001
00:56:59 | INFO: Primitives created: 1
00:56:59 | INFO: Extracting primitive: old_military_crate_1k_Cloth_MFlat_00216.001
00:56:59 | INFO: Primitives created: 1
00:56:59 | INFO: Extracting primitive: old_military_crate_1k_Mesh_01516.001
00:56:59 | INFO: Primitives created: 1
00:56:59 | INFO: Extracting primitive: old_military_crate_1k_Mesh_00517.001
00:56:59 | INFO: Primitives created: 1
00:56:59 | INFO: Extracting primitive: old_military_crate_1k_NurbsPath17.001
00:56:59 | INFO: Primitives created: 1
00:56:59 | INFO: Extracting primitive: old_military_crate_1k_Cube_00617.001
00:56:59 | INFO: Primitives created: 1
00:56:59 | INFO: Extracting primitive: old_military_crate_1k_Cloth_MFlat_00217.001
00:56:59 | INFO: Primitives created: 1
00:56:59 | INFO: Extracting primitive: old_military_crate_1k_Mesh_01517.001
00:56:59 | INFO: Primitives created: 1
00:56:59 | INFO: Extracting primitive: old_military_crate_1k_Mesh_00518.001
00:56:59 | INFO: Primitives created: 1
00:56:59 | INFO: Extracting primitive: old_military_crate_1k_NurbsPath18.001
00:56:59 | INFO: Primitives created: 1
00:56:59 | INFO: Extracting primitive: old_military_crate_1k_Cube_00618.001
00:56:59 | INFO: Primitives created: 1
00:56:59 | INFO: Extracting primitive: old_military_crate_1k_Cloth_MFlat_00218.001
00:56:59 | INFO: Primitives created: 1
00:56:59 | INFO: Extracting primitive: old_military_crate_1k_Mesh_01518.001
00:56:59 | INFO: Primitives created: 1
00:56:59 | INFO: Extracting primitive: cement_bag_1k_cement_bag6.001
00:56:59 | INFO: Primitives created: 1
00:56:59 | INFO: Extracting primitive: cement_bag_1k_cement_bag7.001
00:56:59 | INFO: Primitives created: 1
00:56:59 | INFO: Extracting primitive: cement_bag_1k_cement_bag8.001
00:56:59 | INFO: Primitives created: 1
00:56:59 | INFO: Extracting primitive: cardboard_box_01_1k_cardboard_box_0117.001
00:56:59 | INFO: Primitives created: 1
00:56:59 | INFO: Extracting primitive: cardboard_box_01_1k_cardboard_box_0118.001
00:56:59 | INFO: Primitives created: 1
00:56:59 | INFO: Extracting primitive: cardboard_box_01_1k_cardboard_box_0119.001
00:56:59 | INFO: Primitives created: 1
00:56:59 | INFO: Extracting primitive: cardboard_box_01_1k_cardboard_box_0120.001
00:56:59 | INFO: Primitives created: 1
00:56:59 | INFO: Extracting primitive: cardboard_box_01_1k_cardboard_box_0121.001
00:56:59 | INFO: Primitives created: 1
00:56:59 | INFO: Extracting primitive: cardboard_box_01_1k_cardboard_box_0122.001
00:56:59 | INFO: Primitives created: 1
00:56:59 | INFO: Extracting primitive: cardboard_box_01_1k_cardboard_box_0123.001
00:56:59 | INFO: Primitives created: 1
00:56:59 | INFO: Extracting primitive: barrel_03_1k_Circle_0027.001
00:56:59 | INFO: Primitives created: 1
00:56:59 | INFO: Extracting primitive: barrel_03_1k_Circle_0028.001
00:56:59 | INFO: Primitives created: 1
00:56:59 | INFO: Extracting primitive: painted_wooden_shelves_1k_shevles_00114.001
00:56:59 | INFO: Primitives created: 1
00:56:59 | INFO: Extracting primitive: painted_wooden_shelves_1k_shevles_00115.001
00:56:59 | INFO: Primitives created: 1
00:56:59 | INFO: Extracting primitive: barrel_03_1k_Circle_0029.001
00:56:59 | INFO: Primitives created: 1
00:56:59 | INFO: Extracting primitive: barrel_03_1k_Circle_00210.001
00:56:59 | INFO: Primitives created: 1
00:56:59 | INFO: Extracting primitive: barrel_03_1k_Circle_00211.001
00:56:59 | INFO: Primitives created: 1
00:56:59 | INFO: Extracting primitive: cardboard_box_01_1k_cardboard_box_0124.001
00:56:59 | INFO: Primitives created: 1
00:56:59 | INFO: Extracting primitive: cardboard_box_01_1k_cardboard_box_0125.001
00:56:59 | INFO: Primitives created: 1
00:56:59 | INFO: Extracting primitive: cardboard_box_01_1k_cardboard_box_0126.001
00:56:59 | INFO: Primitives created: 1
00:56:59 | INFO: Extracting primitive: old_military_crate_1k_Mesh_00519.001
00:57:00 | INFO: Primitives created: 1
00:57:00 | INFO: Extracting primitive: old_military_crate_1k_NurbsPath19.001
00:57:00 | INFO: Primitives created: 1
00:57:00 | INFO: Extracting primitive: old_military_crate_1k_Cube_00619.001
00:57:00 | INFO: Primitives created: 1
00:57:00 | INFO: Extracting primitive: old_military_crate_1k_Cloth_MFlat_00219.001
00:57:00 | INFO: Primitives created: 1
00:57:00 | INFO: Extracting primitive: old_military_crate_1k_Mesh_01519.001
00:57:00 | INFO: Primitives created: 1
00:57:00 | INFO: Extracting primitive: old_military_crate_1k_Mesh_00520.001
00:57:00 | INFO: Primitives created: 1
00:57:00 | INFO: Extracting primitive: old_military_crate_1k_NurbsPath20.001
00:57:00 | INFO: Primitives created: 1
00:57:00 | INFO: Extracting primitive: old_military_crate_1k_Cube_00620.001
00:57:00 | INFO: Primitives created: 1
00:57:00 | INFO: Extracting primitive: old_military_crate_1k_Cloth_MFlat_00220.001
00:57:00 | INFO: Primitives created: 1
00:57:00 | INFO: Extracting primitive: old_military_crate_1k_Mesh_01520.001
00:57:00 | INFO: Primitives created: 1
00:57:00 | INFO: Extracting primitive: concrete_road_barrier_1k_RetopoFlow_006.001
00:57:00 | WARNING: More than one shader node tex image used for a texture. The resulting glTF sampler will behave like the first shader node tex image.
00:57:00 | INFO: Primitives created: 1
00:57:00 | INFO: Extracting primitive: concrete_road_barrier_1k_RetopoFlow_0062.001
00:57:00 | INFO: Primitives created: 1
00:57:00 | INFO: Extracting primitive: concrete_road_barrier_1k_RetopoFlow_0063.001
00:57:00 | INFO: Primitives created: 1
00:57:00 | INFO: Extracting primitive: concrete_road_barrier_1k_RetopoFlow_0064.001
00:57:00 | INFO: Primitives created: 1
00:57:00 | INFO: Extracting primitive: concrete_road_barrier_1k_RetopoFlow_0065.001
00:57:00 | INFO: Primitives created: 1
00:57:00 | INFO: Extracting primitive: concrete_road_barrier_1k_RetopoFlow_0066.001
00:57:00 | INFO: Primitives created: 1
00:57:00 | INFO: Extracting primitive: concrete_road_barrier_1k_RetopoFlow_0067.001
00:57:00 | INFO: Primitives created: 1
00:57:00 | INFO: Extracting primitive: modular_chainlink_fence_1k_Cube_012.002
00:57:00 | WARNING: More than one shader node tex image used for a texture. The resulting glTF sampler will behave like the first shader node tex image.
00:57:00 | INFO: Primitives created: 1
00:57:00 | INFO: Extracting primitive: modular_chainlink_fence_1k_Cylinder_140.002
00:57:00 | WARNING: More than one shader node tex image used for a texture. The resulting glTF sampler will behave like the first shader node tex image.
00:57:00 | WARNING: More than one shader node tex image used for a texture. The resulting glTF sampler will behave like the first shader node tex image.
00:57:00 | INFO: Primitives created: 2
00:57:00 | INFO: Extracting primitive: modular_chainlink_fence_1k_Cylinder_141.002
00:57:00 | INFO: Primitives created: 2
00:57:00 | INFO: Extracting primitive: modular_chainlink_fence_1k_Cylinder_146.002
00:57:00 | INFO: Primitives created: 1
00:57:00 | INFO: Extracting primitive: modular_chainlink_fence_1k_Cylinder_160.002
00:57:00 | INFO: Primitives created: 1
00:57:00 | INFO: Extracting primitive: modular_chainlink_fence_1k_Cylinder_182.002
00:57:00 | INFO: Primitives created: 1
00:57:00 | INFO: Extracting primitive: modular_chainlink_fence_1k_Cylinder_183.002
00:57:00 | INFO: Primitives created: 1
00:57:00 | INFO: Extracting primitive: modular_chainlink_fence_1k_Cylinder_184.002
00:57:00 | INFO: Primitives created: 2
00:57:00 | INFO: Extracting primitive: modular_chainlink_fence_1k_Cylinder_197.002
00:57:00 | INFO: Primitives created: 1
00:57:00 | INFO: Extracting primitive: modular_chainlink_fence_1k_Cylinder_198.002
00:57:00 | INFO: Primitives created: 1
00:57:00 | INFO: Extracting primitive: modular_chainlink_fence_1k_Cylinder_199.002
00:57:00 | INFO: Primitives created: 1
00:57:00 | INFO: Extracting primitive: modular_chainlink_fence_1k_Cylinder_200.002
00:57:00 | INFO: Primitives created: 1
00:57:00 | INFO: Extracting primitive: modular_chainlink_fence_1k_Plane_020.002
00:57:00 | INFO: Primitives created: 2
00:57:00 | INFO: Extracting primitive: modular_chainlink_fence_1k_Plane_021.002
00:57:00 | INFO: Primitives created: 2
00:57:00 | INFO: Extracting primitive: modular_chainlink_fence_1k_Cylinder_202.002
00:57:00 | INFO: Primitives created: 1
00:57:00 | INFO: Extracting primitive: modular_chainlink_fence_1k_Cylinder_203.002
00:57:00 | INFO: Primitives created: 1
00:57:00 | INFO: Extracting primitive: modular_chainlink_fence_1k_Cylinder_204.002
00:57:00 | INFO: Primitives created: 1
00:57:00 | INFO: Extracting primitive: modular_chainlink_fence_1k_Cylinder_238.002
00:57:00 | INFO: Primitives created: 1
00:57:00 | INFO: Extracting primitive: modular_chainlink_fence_1k_Cylinder_288.002
00:57:00 | INFO: Primitives created: 2
00:57:00 | INFO: Extracting primitive: modular_chainlink_fence_1k_Cylinder_002.002
00:57:00 | INFO: Primitives created: 1
00:57:00 | INFO: Extracting primitive: modular_chainlink_fence_1k_Cube_0122.002
00:57:00 | INFO: Primitives created: 1
00:57:00 | INFO: Extracting primitive: modular_chainlink_fence_1k_Cylinder_1402.002
00:57:00 | INFO: Primitives created: 2
00:57:00 | INFO: Extracting primitive: modular_chainlink_fence_1k_Cylinder_1412.002
00:57:00 | INFO: Primitives created: 2
00:57:00 | INFO: Extracting primitive: modular_chainlink_fence_1k_Cylinder_1462.002
00:57:00 | WARNING: More than one shader node tex image used for a texture. The resulting glTF sampler will behave like the first shader node tex image.
00:57:00 | INFO: Primitives created: 1
00:57:00 | INFO: Extracting primitive: modular_chainlink_fence_1k_Cylinder_1602.002
00:57:01 | INFO: Primitives created: 1
00:57:01 | INFO: Extracting primitive: modular_chainlink_fence_1k_Cylinder_1822.002
00:57:01 | INFO: Primitives created: 1
00:57:01 | INFO: Extracting primitive: modular_chainlink_fence_1k_Cylinder_1832.002
00:57:01 | INFO: Primitives created: 1
00:57:01 | INFO: Extracting primitive: modular_chainlink_fence_1k_Cylinder_1842.002
00:57:01 | INFO: Primitives created: 2
00:57:01 | INFO: Extracting primitive: modular_chainlink_fence_1k_Cylinder_1972.002
00:57:01 | INFO: Primitives created: 1
00:57:01 | INFO: Extracting primitive: modular_chainlink_fence_1k_Cylinder_1982.002
00:57:01 | INFO: Primitives created: 1
00:57:01 | INFO: Extracting primitive: modular_chainlink_fence_1k_Cylinder_1992.002
00:57:01 | INFO: Primitives created: 1
00:57:01 | INFO: Extracting primitive: modular_chainlink_fence_1k_Cylinder_2002.002
00:57:01 | INFO: Primitives created: 1
00:57:01 | INFO: Extracting primitive: modular_chainlink_fence_1k_Plane_0202.002
00:57:01 | INFO: Primitives created: 2
00:57:01 | INFO: Extracting primitive: modular_chainlink_fence_1k_Plane_0212.002
00:57:01 | INFO: Primitives created: 2
00:57:01 | INFO: Extracting primitive: modular_chainlink_fence_1k_Cylinder_2022.002
00:57:01 | INFO: Primitives created: 1
00:57:01 | INFO: Extracting primitive: modular_chainlink_fence_1k_Cylinder_2032.002
00:57:01 | INFO: Primitives created: 1
00:57:01 | INFO: Extracting primitive: modular_chainlink_fence_1k_Cylinder_2042.002
00:57:01 | INFO: Primitives created: 1
00:57:01 | INFO: Extracting primitive: modular_chainlink_fence_1k_Cylinder_2382.002
00:57:01 | INFO: Primitives created: 1
00:57:01 | INFO: Extracting primitive: modular_chainlink_fence_1k_Cylinder_2882.002
00:57:01 | INFO: Primitives created: 2
00:57:01 | INFO: Extracting primitive: modular_chainlink_fence_1k_Cylinder_0022.002
00:57:01 | INFO: Primitives created: 1
00:57:01 | INFO: Extracting primitive: modular_chainlink_fence_1k_Cube_0123.002
00:57:01 | INFO: Primitives created: 1
00:57:01 | INFO: Extracting primitive: modular_chainlink_fence_1k_Cylinder_1403.002
00:57:01 | INFO: Primitives created: 2
00:57:01 | INFO: Extracting primitive: modular_chainlink_fence_1k_Cylinder_1413.002
00:57:01 | INFO: Primitives created: 2
00:57:01 | INFO: Extracting primitive: modular_chainlink_fence_1k_Cylinder_1463.002
00:57:01 | INFO: Primitives created: 1
00:57:01 | INFO: Extracting primitive: modular_chainlink_fence_1k_Cylinder_1603.002
00:57:01 | INFO: Primitives created: 1
00:57:01 | INFO: Extracting primitive: modular_chainlink_fence_1k_Cylinder_1823.002
00:57:01 | INFO: Primitives created: 1
00:57:01 | INFO: Extracting primitive: modular_chainlink_fence_1k_Cylinder_1833.002
00:57:01 | INFO: Primitives created: 1
00:57:01 | INFO: Extracting primitive: modular_chainlink_fence_1k_Cylinder_1843.002
00:57:01 | INFO: Primitives created: 2
00:57:01 | INFO: Extracting primitive: modular_chainlink_fence_1k_Cylinder_1973.002
00:57:01 | INFO: Primitives created: 1
00:57:01 | INFO: Extracting primitive: modular_chainlink_fence_1k_Cylinder_1983.002
00:57:01 | INFO: Primitives created: 1
00:57:01 | INFO: Extracting primitive: modular_chainlink_fence_1k_Cylinder_1993.002
00:57:01 | INFO: Primitives created: 1
00:57:01 | INFO: Extracting primitive: modular_chainlink_fence_1k_Cylinder_2003.002
00:57:01 | INFO: Primitives created: 1
00:57:01 | INFO: Extracting primitive: modular_chainlink_fence_1k_Plane_0203.002
00:57:01 | INFO: Primitives created: 2
00:57:01 | INFO: Extracting primitive: modular_chainlink_fence_1k_Plane_0213.002
00:57:01 | INFO: Primitives created: 2
00:57:01 | INFO: Extracting primitive: modular_chainlink_fence_1k_Cylinder_2023.002
00:57:01 | INFO: Primitives created: 1
00:57:01 | INFO: Extracting primitive: modular_chainlink_fence_1k_Cylinder_2033.002
00:57:01 | INFO: Primitives created: 1
00:57:01 | INFO: Extracting primitive: modular_chainlink_fence_1k_Cylinder_2043.002
00:57:01 | INFO: Primitives created: 1
00:57:01 | INFO: Extracting primitive: modular_chainlink_fence_1k_Cylinder_2383.002
00:57:01 | INFO: Primitives created: 1
00:57:01 | INFO: Extracting primitive: modular_chainlink_fence_1k_Cylinder_2883.002
00:57:01 | INFO: Primitives created: 2
00:57:01 | INFO: Extracting primitive: modular_chainlink_fence_1k_Cylinder_0023.002
00:57:01 | INFO: Primitives created: 1
00:57:01 | INFO: Extracting primitive: old_military_crate_1k_Mesh_00521.001
00:57:01 | INFO: Primitives created: 1
00:57:01 | INFO: Extracting primitive: old_military_crate_1k_NurbsPath21.001
00:57:01 | INFO: Primitives created: 1
00:57:01 | INFO: Extracting primitive: old_military_crate_1k_Cube_00621.001
00:57:01 | INFO: Primitives created: 1
00:57:01 | INFO: Extracting primitive: old_military_crate_1k_Cloth_MFlat_00221.001
00:57:01 | INFO: Primitives created: 1
00:57:01 | INFO: Extracting primitive: old_military_crate_1k_Mesh_01521.001
00:57:01 | INFO: Primitives created: 1
00:57:01 | INFO: Extracting primitive: old_military_crate_1k_Mesh_00522.001
00:57:01 | INFO: Primitives created: 1
00:57:01 | INFO: Extracting primitive: old_military_crate_1k_NurbsPath22.001
00:57:01 | INFO: Primitives created: 1
00:57:01 | INFO: Extracting primitive: old_military_crate_1k_Cube_00622.001
00:57:01 | INFO: Primitives created: 1
00:57:01 | INFO: Extracting primitive: old_military_crate_1k_Cloth_MFlat_00222.001
00:57:01 | INFO: Primitives created: 1
00:57:01 | INFO: Extracting primitive: old_military_crate_1k_Mesh_01522.001
00:57:01 | INFO: Primitives created: 1
00:57:01 | INFO: Extracting primitive: old_military_crate_1k_Mesh_00523.001
00:57:01 | INFO: Primitives created: 1
00:57:01 | INFO: Extracting primitive: old_military_crate_1k_NurbsPath23.001
00:57:01 | INFO: Primitives created: 1
00:57:01 | INFO: Extracting primitive: old_military_crate_1k_Cube_00623.001
00:57:01 | INFO: Primitives created: 1
00:57:01 | INFO: Extracting primitive: old_military_crate_1k_Cloth_MFlat_00223.001
00:57:01 | INFO: Primitives created: 1
00:57:01 | INFO: Extracting primitive: old_military_crate_1k_Mesh_01523.001
00:57:01 | INFO: Primitives created: 1
00:57:01 | INFO: Extracting primitive: old_military_crate_1k_Mesh_00524.001
00:57:01 | INFO: Primitives created: 1
00:57:01 | INFO: Extracting primitive: old_military_crate_1k_NurbsPath24.001
00:57:01 | INFO: Primitives created: 1
00:57:01 | INFO: Extracting primitive: old_military_crate_1k_Cube_00624.001
00:57:01 | INFO: Primitives created: 1
00:57:01 | INFO: Extracting primitive: old_military_crate_1k_Cloth_MFlat_00224.001
00:57:01 | INFO: Primitives created: 1
00:57:01 | INFO: Extracting primitive: old_military_crate_1k_Mesh_01524.001
00:57:01 | INFO: Primitives created: 1
00:57:01 | INFO: Extracting primitive: old_military_crate_1k_Mesh_00527.001
00:57:01 | INFO: Primitives created: 1
00:57:01 | INFO: Extracting primitive: old_military_crate_1k_NurbsPath27.001
00:57:01 | INFO: Primitives created: 1
00:57:01 | INFO: Extracting primitive: old_military_crate_1k_Cube_00627.001
00:57:01 | INFO: Primitives created: 1
00:57:01 | INFO: Extracting primitive: old_military_crate_1k_Cloth_MFlat_00227.001
00:57:01 | INFO: Primitives created: 1
00:57:01 | INFO: Extracting primitive: old_military_crate_1k_Mesh_01527.001
00:57:01 | INFO: Primitives created: 1
00:57:01 | INFO: Extracting primitive: old_military_crate_1k_Mesh_00528.001
00:57:01 | INFO: Primitives created: 1
00:57:01 | INFO: Extracting primitive: old_military_crate_1k_NurbsPath28.001
00:57:01 | INFO: Primitives created: 1
00:57:01 | INFO: Extracting primitive: old_military_crate_1k_Cube_00628.001
00:57:01 | INFO: Primitives created: 1
00:57:01 | INFO: Extracting primitive: old_military_crate_1k_Cloth_MFlat_00228.001
00:57:01 | INFO: Primitives created: 1
00:57:01 | INFO: Extracting primitive: old_military_crate_1k_Mesh_01528.001
00:57:01 | INFO: Primitives created: 1
00:57:01 | INFO: Extracting primitive: barrel_03_1k_Circle_00212.001
00:57:01 | INFO: Primitives created: 1
00:57:01 | INFO: Extracting primitive: barrel_03_1k_Circle_00213.001
00:57:01 | INFO: Primitives created: 1
00:57:01 | INFO: Extracting primitive: barrel_03_1k_Circle_00214.001
00:57:01 | INFO: Primitives created: 1
00:57:01 | INFO: Extracting primitive: barrel_03_1k_Circle_00215.001
00:57:01 | INFO: Primitives created: 1
00:57:01 | INFO: Extracting primitive: barrel_03_1k_Circle_00216.001
00:57:01 | INFO: Primitives created: 1
00:57:01 | INFO: Extracting primitive: barrel_03_1k_Circle_00217.001
00:57:01 | INFO: Primitives created: 1
00:57:01 | INFO: Extracting primitive: barrel_03_1k_Circle_00218.001
00:57:01 | INFO: Primitives created: 1
00:57:01 | INFO: Extracting primitive: barrel_03_1k_Circle_00219.001
00:57:01 | INFO: Primitives created: 1
00:57:01 | INFO: Extracting primitive: barrel_03_1k_Circle_00220.001
00:57:01 | INFO: Primitives created: 1
00:57:01 | INFO: Extracting primitive: industrial_pastic_container_1k_Cube_02511.001
00:57:01 | INFO: Primitives created: 1
00:57:01 | INFO: Extracting primitive: industrial_pastic_container_1k_Cube_01911.001
00:57:01 | INFO: Primitives created: 1
00:57:01 | INFO: Extracting primitive: industrial_pastic_container_1k_Cube_02111.001
00:57:01 | INFO: Primitives created: 1
00:57:01 | INFO: Extracting primitive: industrial_pastic_container_1k_Cube_02512.001
00:57:01 | INFO: Primitives created: 1
00:57:01 | INFO: Extracting primitive: industrial_pastic_container_1k_Cube_01912.001
00:57:01 | INFO: Primitives created: 1
00:57:01 | INFO: Extracting primitive: industrial_pastic_container_1k_Cube_02112.001
00:57:01 | INFO: Primitives created: 1
00:57:01 | INFO: Extracting primitive: industrial_pastic_container_1k_Cube_02513.001
00:57:01 | INFO: Primitives created: 1
00:57:01 | INFO: Extracting primitive: industrial_pastic_container_1k_Cube_01913.001
00:57:01 | INFO: Primitives created: 1
00:57:01 | INFO: Extracting primitive: industrial_pastic_container_1k_Cube_02113.001
00:57:01 | INFO: Primitives created: 1
00:57:01 | INFO: Extracting primitive: industrial_pastic_container_1k_Cube_02514.001
00:57:01 | INFO: Primitives created: 1
00:57:01 | INFO: Extracting primitive: industrial_pastic_container_1k_Cube_01914.001
00:57:01 | INFO: Primitives created: 1
00:57:01 | INFO: Extracting primitive: industrial_pastic_container_1k_Cube_02114.001
00:57:01 | INFO: Primitives created: 1
00:57:01 | INFO: Extracting primitive: industrial_storage_cart_1k_Cube_0013.001
00:57:01 | INFO: Primitives created: 1
00:57:01 | INFO: Extracting primitive: industrial_storage_cart_1k_Cube_0014.001
00:57:01 | INFO: Primitives created: 1
00:57:01 | INFO: Extracting primitive: metal_tool_chest_1k_Cube_0312.001
00:57:01 | INFO: Primitives created: 1
00:57:01 | INFO: Extracting primitive: metal_tool_chest_1k_Plane_0112.001
00:57:01 | INFO: Primitives created: 1
00:57:01 | INFO: Extracting primitive: metal_tool_chest_1k_Cube_0352.001
00:57:01 | INFO: Primitives created: 1
00:57:01 | INFO: Extracting primitive: metal_tool_chest_1k_BezierCurve_0032.001
00:57:01 | INFO: Primitives created: 1
00:57:01 | INFO: Extracting primitive: metal_tool_chest_1k_Cylinder_0012.001
00:57:01 | INFO: Primitives created: 1
00:57:01 | INFO: Extracting primitive: metal_tool_chest_1k_Plane_0012.001
00:57:01 | INFO: Primitives created: 1
00:57:01 | INFO: Extracting primitive: metal_tool_chest_1k_BezierCurve_0012.001
00:57:01 | INFO: Primitives created: 1
00:57:01 | INFO: Extracting primitive: metal_tool_chest_1k_Cube_0313.001
00:57:01 | INFO: Primitives created: 1
00:57:01 | INFO: Extracting primitive: metal_tool_chest_1k_Plane_0113.001
00:57:01 | INFO: Primitives created: 1
00:57:01 | INFO: Extracting primitive: metal_tool_chest_1k_Cube_0353.001
00:57:01 | INFO: Primitives created: 1
00:57:01 | INFO: Extracting primitive: metal_tool_chest_1k_BezierCurve_0033.001
00:57:01 | INFO: Primitives created: 1
00:57:01 | INFO: Extracting primitive: metal_tool_chest_1k_Cylinder_0013.001
00:57:01 | INFO: Primitives created: 1
00:57:01 | INFO: Extracting primitive: metal_tool_chest_1k_Plane_0013.001
00:57:01 | INFO: Primitives created: 1
00:57:01 | INFO: Extracting primitive: metal_tool_chest_1k_BezierCurve_0013.001
00:57:01 | INFO: Primitives created: 1
00:57:01 | INFO: Extracting primitive: Mesh_456.002
00:57:01 | INFO: Primitives created: 1
00:57:01 | INFO: Extracting primitive: Mesh_457.002
00:57:01 | INFO: Primitives created: 1
00:57:01 | INFO: Extracting primitive: Mesh_458.002
00:57:01 | INFO: Primitives created: 1
00:57:01 | INFO: Extracting primitive: Mesh_459.002
00:57:01 | INFO: Primitives created: 1
00:57:01 | INFO: Extracting primitive: Mesh_460.002
00:57:01 | INFO: Primitives created: 1
00:57:01 | INFO: Extracting primitive: Mesh_461.002
00:57:01 | INFO: Primitives created: 1
00:57:01 | INFO: Extracting primitive: Mesh_462.002
00:57:01 | INFO: Primitives created: 1
00:57:01 | INFO: Extracting primitive: Mesh_463.002
00:57:01 | INFO: Primitives created: 1
00:57:01 | INFO: Extracting primitive: Mesh_464.002
00:57:01 | INFO: Primitives created: 1
00:57:01 | INFO: Extracting primitive: Mesh_465.002
00:57:01 | INFO: Primitives created: 1
00:57:01 | INFO: Extracting primitive: Mesh_466.002
00:57:01 | INFO: Primitives created: 1
00:57:01 | INFO: Extracting primitive: Mesh_467.002
00:57:01 | INFO: Primitives created: 1
00:57:01 | INFO: Extracting primitive: Mesh_468.002
00:57:01 | INFO: Primitives created: 1
00:57:01 | INFO: Extracting primitive: Mesh_469.002
00:57:01 | INFO: Primitives created: 1
00:57:01 | INFO: Extracting primitive: Mesh_470.002
00:57:01 | INFO: Primitives created: 1
00:57:01 | INFO: Extracting primitive: Mesh_471.002
00:57:01 | INFO: Primitives created: 1
00:57:01 | INFO: Extracting primitive: Mesh_472.002
00:57:01 | INFO: Primitives created: 1
00:57:01 | INFO: Extracting primitive: Mesh_473.002
00:57:01 | INFO: Primitives created: 1
00:57:01 | INFO: Extracting primitive: Mesh_474.002
00:57:01 | INFO: Primitives created: 1
00:57:01 | INFO: Extracting primitive: Mesh_475.002
00:57:01 | INFO: Primitives created: 1
00:57:01 | INFO: Extracting primitive: Mesh_476.002
00:57:01 | INFO: Primitives created: 1
00:57:01 | INFO: Extracting primitive: Mesh_477.002
00:57:01 | INFO: Primitives created: 1
00:57:01 | INFO: Extracting primitive: Mesh_478.002
00:57:01 | INFO: Primitives created: 1
00:57:01 | INFO: Extracting primitive: Mesh_479.002
00:57:01 | INFO: Primitives created: 1
00:57:01 | INFO: Extracting primitive: Mesh_480.002
00:57:01 | INFO: Primitives created: 1
00:57:01 | INFO: Extracting primitive: Mesh_481.002
00:57:01 | INFO: Primitives created: 1
00:57:01 | INFO: Extracting primitive: Mesh_482.002
00:57:01 | INFO: Primitives created: 1
00:57:01 | INFO: Extracting primitive: Mesh_483.002
00:57:01 | INFO: Primitives created: 1
00:57:01 | INFO: Extracting primitive: Mesh_484.002
00:57:01 | INFO: Primitives created: 1
00:57:01 | INFO: Extracting primitive: Mesh_485.002
00:57:01 | INFO: Primitives created: 1
00:57:01 | INFO: Extracting primitive: Mesh_486.002
00:57:01 | INFO: Primitives created: 1
00:57:01 | INFO: Extracting primitive: Mesh_487.002
00:57:01 | INFO: Primitives created: 1
00:57:01 | INFO: Extracting primitive: Mesh_488.002
00:57:01 | INFO: Primitives created: 1
00:57:01 | INFO: Extracting primitive: Mesh_489.002
00:57:01 | INFO: Primitives created: 1
00:57:01 | INFO: Extracting primitive: Mesh_490.002
00:57:01 | INFO: Primitives created: 1
00:57:01 | INFO: Extracting primitive: Mesh_491.002
00:57:01 | INFO: Primitives created: 1
00:57:01 | INFO: Extracting primitive: Mesh_492.002
00:57:01 | INFO: Primitives created: 1
00:57:01 | INFO: Extracting primitive: Mesh_493.002
00:57:01 | INFO: Primitives created: 1
00:57:01 | INFO: Extracting primitive: Mesh_494.002
00:57:01 | INFO: Primitives created: 1
00:57:01 | INFO: Extracting primitive: Mesh_495.002
00:57:01 | INFO: Primitives created: 1
00:57:01 | INFO: Extracting primitive: Mesh_496.002
00:57:01 | INFO: Primitives created: 1
00:57:01 | INFO: Extracting primitive: Mesh_497.002
00:57:01 | INFO: Primitives created: 1
00:57:01 | INFO: Extracting primitive: Mesh_498.002
00:57:01 | INFO: Primitives created: 1
00:57:01 | INFO: Extracting primitive: Mesh_499.002
00:57:01 | INFO: Primitives created: 1
00:57:01 | INFO: Extracting primitive: Mesh_500.002
00:57:01 | INFO: Primitives created: 1
00:57:01 | INFO: Extracting primitive: Mesh_501.002
00:57:01 | INFO: Primitives created: 1
00:57:01 | INFO: Extracting primitive: Mesh_502.002
00:57:01 | INFO: Primitives created: 1
00:57:01 | INFO: Extracting primitive: Mesh_503.002
00:57:01 | INFO: Primitives created: 1
00:57:01 | INFO: Extracting primitive: Mesh_504.002
00:57:01 | INFO: Primitives created: 1
00:57:01 | INFO: Extracting primitive: Mesh_505.002
00:57:01 | INFO: Primitives created: 1
00:57:01 | INFO: Extracting primitive: Mesh_506.002
00:57:01 | INFO: Primitives created: 1
00:57:01 | INFO: Extracting primitive: Mesh_507.002
00:57:01 | INFO: Primitives created: 1
00:57:01 | INFO: Extracting primitive: Mesh_508.002
00:57:01 | INFO: Primitives created: 1
00:57:01 | INFO: Extracting primitive: Mesh_509.002
00:57:01 | INFO: Primitives created: 1
00:57:01 | INFO: Extracting primitive: Mesh_510.002
00:57:01 | INFO: Primitives created: 1
00:57:01 | INFO: Extracting primitive: Mesh_511.002
00:57:01 | INFO: Primitives created: 1
00:57:01 | INFO: Extracting primitive: Mesh_512.002
00:57:01 | INFO: Primitives created: 1
00:57:01 | INFO: Extracting primitive: Mesh_513.002
00:57:01 | INFO: Primitives created: 1
00:57:01 | INFO: Extracting primitive: Mesh_514.002
00:57:01 | INFO: Primitives created: 1
00:57:01 | INFO: Extracting primitive: Mesh_515.002
00:57:01 | INFO: Primitives created: 1
00:57:01 | INFO: Extracting primitive: Mesh_516.002
00:57:01 | INFO: Primitives created: 1
00:57:01 | INFO: Extracting primitive: Mesh_517.002
00:57:01 | INFO: Primitives created: 1
00:57:01 | INFO: Extracting primitive: Mesh_518.002
00:57:01 | INFO: Primitives created: 1
00:57:01 | INFO: Extracting primitive: Mesh_519.002
00:57:01 | INFO: Primitives created: 1
00:57:01 | INFO: Extracting primitive: Mesh_520.002
00:57:01 | INFO: Primitives created: 1
00:57:01 | INFO: Extracting primitive: Mesh_521.002
00:57:01 | INFO: Primitives created: 1
00:57:01 | INFO: Extracting primitive: Mesh_522.002
00:57:01 | INFO: Primitives created: 1
00:57:01 | INFO: Extracting primitive: Mesh_523.002
00:57:01 | INFO: Primitives created: 1
00:57:01 | INFO: Extracting primitive: Mesh_524.002
00:57:01 | INFO: Primitives created: 1
00:57:01 | INFO: Extracting primitive: Mesh_525.002
00:57:01 | INFO: Primitives created: 1
00:57:01 | INFO: Extracting primitive: Mesh_526.002
00:57:01 | INFO: Primitives created: 1
00:57:01 | INFO: Extracting primitive: Mesh_527.002
00:57:01 | INFO: Primitives created: 1
00:57:01 | INFO: Extracting primitive: Mesh_528.002
00:57:01 | INFO: Primitives created: 1
00:57:01 | INFO: Extracting primitive: Mesh_529.002
00:57:01 | INFO: Primitives created: 1
00:57:01 | INFO: Extracting primitive: Mesh_530.002
00:57:01 | INFO: Primitives created: 1
00:57:01 | INFO: Extracting primitive: Mesh_531.002
00:57:01 | INFO: Primitives created: 1
00:57:01 | INFO: Extracting primitive: Mesh_532.002
00:57:01 | INFO: Primitives created: 1
00:57:01 | INFO: Extracting primitive: Mesh_533.002
00:57:01 | INFO: Primitives created: 1
00:57:01 | INFO: Extracting primitive: Mesh_534.002
00:57:01 | INFO: Primitives created: 1
00:57:01 | INFO: Extracting primitive: Mesh_535.002
00:57:01 | INFO: Primitives created: 1
00:57:01 | INFO: Extracting primitive: Mesh_536.002
00:57:01 | INFO: Primitives created: 1
00:57:01 | INFO: Extracting primitive: Mesh_537.002
00:57:01 | INFO: Primitives created: 1
00:57:01 | INFO: Extracting primitive: Mesh_538.002
00:57:01 | INFO: Primitives created: 1
00:57:01 | INFO: Extracting primitive: Mesh_539.002
00:57:01 | INFO: Primitives created: 1
00:57:01 | INFO: Extracting primitive: Mesh_540.002
00:57:01 | INFO: Primitives created: 1
00:57:01 | INFO: Extracting primitive: Mesh_541.002
00:57:01 | INFO: Primitives created: 1
00:57:01 | INFO: Extracting primitive: Mesh_542.002
00:57:01 | INFO: Primitives created: 1
00:57:01 | INFO: Extracting primitive: Mesh_543.002
00:57:01 | INFO: Primitives created: 1
00:57:01 | INFO: Extracting primitive: Mesh_544.002
00:57:01 | INFO: Primitives created: 1
00:57:01 | INFO: Extracting primitive: Mesh_545.002
00:57:01 | INFO: Primitives created: 1
00:57:01 | INFO: Extracting primitive: Mesh_546.002
00:57:01 | INFO: Primitives created: 1
00:57:01 | INFO: Extracting primitive: Mesh_547.002
00:57:01 | INFO: Primitives created: 1
00:57:01 | INFO: Extracting primitive: Mesh_548.002
00:57:01 | INFO: Primitives created: 1
00:57:01 | INFO: Extracting primitive: Mesh_549.002
00:57:01 | INFO: Primitives created: 1
00:57:01 | INFO: Extracting primitive: Mesh_550.002
00:57:01 | INFO: Primitives created: 1
00:57:01 | INFO: Extracting primitive: Mesh_551.002
00:57:01 | INFO: Primitives created: 1
00:57:01 | INFO: Extracting primitive: Mesh_552.002
00:57:01 | INFO: Primitives created: 1
00:57:01 | INFO: Extracting primitive: Mesh_553.002
00:57:01 | INFO: Primitives created: 1
00:57:01 | INFO: Extracting primitive: Mesh_554.002
00:57:01 | INFO: Primitives created: 1
00:57:01 | INFO: Extracting primitive: Mesh_555.002
00:57:01 | INFO: Primitives created: 1
00:57:01 | INFO: Extracting primitive: Mesh_556.002
00:57:01 | INFO: Primitives created: 1
00:57:01 | INFO: Extracting primitive: Mesh_557.002
00:57:01 | INFO: Primitives created: 1
00:57:01 | INFO: Extracting primitive: Mesh_558.002
00:57:01 | INFO: Primitives created: 1
00:57:01 | INFO: Extracting primitive: Mesh_559.002
00:57:01 | INFO: Primitives created: 1
00:57:01 | INFO: Extracting primitive: Mesh_560.002
00:57:01 | INFO: Primitives created: 1
00:57:01 | INFO: Extracting primitive: Mesh_561.002
00:57:01 | INFO: Primitives created: 1
00:57:01 | INFO: Extracting primitive: Mesh_562.002
00:57:01 | INFO: Primitives created: 1
00:57:01 | INFO: Extracting primitive: Mesh_563.002
00:57:01 | INFO: Primitives created: 1
00:57:01 | INFO: Extracting primitive: Mesh_564.002
00:57:01 | INFO: Primitives created: 1
00:57:01 | INFO: Extracting primitive: Mesh_565.002
00:57:01 | INFO: Primitives created: 1
00:57:01 | INFO: Extracting primitive: Mesh_566.002
00:57:01 | INFO: Primitives created: 1
00:57:01 | INFO: Extracting primitive: Mesh_567.002
00:57:01 | INFO: Primitives created: 1
00:57:01 | INFO: Extracting primitive: Mesh_568.002
00:57:01 | INFO: Primitives created: 1
00:57:01 | INFO: Extracting primitive: Mesh_569.002
00:57:01 | INFO: Primitives created: 1
00:57:01 | INFO: Extracting primitive: Mesh_570.002
00:57:01 | INFO: Primitives created: 1
00:57:01 | INFO: Extracting primitive: Mesh_571.002
00:57:01 | INFO: Primitives created: 1
00:57:01 | INFO: Extracting primitive: Mesh_572.002
00:57:01 | INFO: Primitives created: 1
00:57:01 | INFO: Extracting primitive: Mesh_573.002
00:57:01 | INFO: Primitives created: 1
00:57:01 | INFO: Extracting primitive: Mesh_574.002
00:57:01 | INFO: Primitives created: 1
00:57:01 | INFO: Extracting primitive: Mesh_575.002
00:57:01 | INFO: Primitives created: 1
00:57:01 | INFO: Extracting primitive: Mesh_576.002
00:57:01 | INFO: Primitives created: 1
00:57:01 | INFO: Extracting primitive: Mesh_577.002
00:57:01 | INFO: Primitives created: 1
00:57:01 | INFO: Extracting primitive: Mesh_578.002
00:57:01 | INFO: Primitives created: 1
00:57:01 | INFO: Extracting primitive: Mesh_579.002
00:57:01 | INFO: Primitives created: 1
00:57:01 | INFO: Extracting primitive: Mesh_580.002
00:57:01 | INFO: Primitives created: 1
00:57:01 | INFO: Extracting primitive: Mesh_581.002
00:57:01 | INFO: Primitives created: 1
00:57:01 | INFO: Extracting primitive: Mesh_582.002
00:57:01 | INFO: Primitives created: 1
00:57:01 | INFO: Extracting primitive: Mesh_583.002
00:57:01 | INFO: Primitives created: 1
00:57:01 | INFO: Extracting primitive: Mesh_584.002
00:57:01 | INFO: Primitives created: 1
00:57:01 | INFO: Extracting primitive: Mesh_585.002
00:57:01 | INFO: Primitives created: 1
00:57:01 | INFO: Extracting primitive: Mesh_586.002
00:57:01 | INFO: Primitives created: 1
00:57:01 | INFO: Extracting primitive: Mesh_587.002
00:57:01 | INFO: Primitives created: 1
00:57:01 | INFO: Extracting primitive: Mesh_588.002
00:57:01 | INFO: Primitives created: 1
00:57:01 | INFO: Extracting primitive: Mesh_589.002
00:57:01 | INFO: Primitives created: 1
00:57:01 | INFO: Extracting primitive: Mesh_590.002
00:57:01 | INFO: Primitives created: 1
00:57:01 | INFO: Extracting primitive: Mesh_591.002
00:57:01 | INFO: Primitives created: 1
00:57:01 | INFO: Extracting primitive: Mesh_592.002
00:57:01 | INFO: Primitives created: 1
00:57:01 | INFO: Extracting primitive: Mesh_593.002
00:57:01 | INFO: Primitives created: 1
00:57:01 | INFO: Extracting primitive: Mesh_594.002
00:57:01 | INFO: Primitives created: 1
00:57:01 | INFO: Extracting primitive: Mesh_595.002
00:57:01 | INFO: Primitives created: 1
00:57:01 | INFO: Extracting primitive: Mesh_596.001
00:57:01 | WARNING: More than one shader node tex image used for a texture. The resulting glTF sampler will behave like the first shader node tex image.
00:57:01 | INFO: Primitives created: 1
00:57:01 | INFO: Extracting primitive: Mesh_597.001
00:57:01 | WARNING: More than one shader node tex image used for a texture. The resulting glTF sampler will behave like the first shader node tex image.
00:57:01 | INFO: Primitives created: 1
00:57:01 | INFO: Extracting primitive: Mesh_598.001
00:57:01 | WARNING: More than one shader node tex image used for a texture. The resulting glTF sampler will behave like the first shader node tex image.
00:57:01 | INFO: Primitives created: 1
00:57:01 | INFO: Extracting primitive: Mesh_599.001
00:57:01 | WARNING: More than one shader node tex image used for a texture. The resulting glTF sampler will behave like the first shader node tex image.
00:57:01 | INFO: Primitives created: 1
00:57:01 | INFO: Extracting primitive: Mesh_600.001
00:57:01 | WARNING: More than one shader node tex image used for a texture. The resulting glTF sampler will behave like the first shader node tex image.
00:57:01 | INFO: Primitives created: 1
00:57:01 | INFO: Extracting primitive: modular_chainlink_fence_1k_Plane_021.012
00:57:01 | INFO: Primitives created: 2
00:57:01 | INFO: Extracting primitive: modular_chainlink_fence_1k_Plane_021.013
00:57:01 | INFO: Primitives created: 2
00:57:01 | INFO: Extracting primitive: modular_chainlink_fence_1k_Plane_021.014
00:57:01 | INFO: Primitives created: 2
00:57:01 | INFO: Extracting primitive: modular_chainlink_fence_1k_Plane_021.015
00:57:01 | INFO: Primitives created: 2
00:57:01 | INFO: Extracting primitive: modular_chainlink_fence_1k_Cylinder_204.010
00:57:01 | INFO: Primitives created: 1
00:57:01 | INFO: Extracting primitive: modular_chainlink_fence_1k_Cylinder_204.011
00:57:01 | INFO: Primitives created: 1
00:57:01 | INFO: Extracting primitive: modular_chainlink_fence_1k_Cylinder_204.012
00:57:01 | INFO: Primitives created: 1
00:57:01 | INFO: Extracting primitive: modular_chainlink_fence_1k_Cylinder_204.013
00:57:01 | INFO: Primitives created: 1
00:57:01 | INFO: Extracting primitive: modular_chainlink_fence_1k_Cylinder_204.014
00:57:01 | INFO: Primitives created: 1
00:57:01 | INFO: Extracting primitive: modular_chainlink_fence_1k_Plane_021.009
00:57:01 | INFO: Primitives created: 2
00:57:01 | INFO: Extracting primitive: modular_chainlink_fence_1k_Plane_021.010
00:57:01 | INFO: Primitives created: 2
00:57:01 | INFO: Extracting primitive: modular_chainlink_fence_1k_Plane_021.011
00:57:01 | INFO: Primitives created: 2
00:57:01 | INFO: Extracting primitive: modular_chainlink_fence_1k_Cylinder_204.006
00:57:01 | INFO: Primitives created: 1
00:57:01 | INFO: Extracting primitive: modular_chainlink_fence_1k_Cylinder_204.007
00:57:01 | INFO: Primitives created: 1
00:57:01 | INFO: Extracting primitive: modular_chainlink_fence_1k_Cylinder_204.008
00:57:01 | INFO: Primitives created: 1
00:57:01 | INFO: Extracting primitive: modular_chainlink_fence_1k_Cylinder_204.009
00:57:01 | INFO: Primitives created: 1
00:57:01 | INFO: Extracting primitive: modular_chainlink_fence_1k_Plane_0212.003
00:57:01 | INFO: Primitives created: 2
00:57:01 | INFO: Extracting primitive: modular_chainlink_fence_1k_Plane_0212.004
00:57:01 | INFO: Primitives created: 2
00:57:01 | INFO: Extracting primitive: modular_chainlink_fence_1k_Plane_0212.005
00:57:01 | INFO: Primitives created: 2
00:57:01 | INFO: Extracting primitive: modular_chainlink_fence_1k_Plane_0212.006
00:57:01 | INFO: Primitives created: 2
00:57:01 | INFO: Extracting primitive: modular_chainlink_fence_1k_Plane_0212.007
00:57:01 | INFO: Primitives created: 2
00:57:01 | INFO: Extracting primitive: modular_chainlink_fence_1k_Plane_0212.008
00:57:01 | INFO: Primitives created: 2
00:57:01 | INFO: Extracting primitive: modular_chainlink_fence_1k_Cylinder_2042.003
00:57:01 | INFO: Primitives created: 1
00:57:01 | INFO: Extracting primitive: modular_chainlink_fence_1k_Cylinder_2042.004
00:57:01 | INFO: Primitives created: 1
00:57:01 | INFO: Extracting primitive: modular_chainlink_fence_1k_Cylinder_2042.006
00:57:01 | INFO: Primitives created: 1
00:57:01 | INFO: Extracting primitive: modular_chainlink_fence_1k_Plane_021.003
00:57:01 | INFO: Primitives created: 2
00:57:01 | INFO: Extracting primitive: modular_chainlink_fence_1k_Plane_021.004
00:57:01 | INFO: Primitives created: 2
00:57:01 | INFO: Extracting primitive: modular_chainlink_fence_1k_Plane_021.005
00:57:01 | INFO: Primitives created: 2
00:57:01 | INFO: Extracting primitive: modular_chainlink_fence_1k_Plane_021.006
00:57:01 | INFO: Primitives created: 2
00:57:01 | INFO: Extracting primitive: modular_chainlink_fence_1k_Plane_021.007
00:57:01 | INFO: Primitives created: 2
00:57:01 | INFO: Extracting primitive: modular_chainlink_fence_1k_Plane_021.008
00:57:01 | INFO: Primitives created: 2
00:57:01 | INFO: Extracting primitive: modular_chainlink_fence_1k_Cylinder_204.003
00:57:01 | INFO: Primitives created: 1
00:57:01 | INFO: Extracting primitive: modular_chainlink_fence_1k_Cylinder_204.004
00:57:01 | INFO: Primitives created: 1
00:57:01 | INFO: Extracting primitive: modular_chainlink_fence_1k_Cylinder_204.005
00:57:01 | INFO: Primitives created: 1
00:57:01 | INFO: Extracting primitive: modular_chainlink_fence_1k_Plane_0213.003
00:57:01 | INFO: Primitives created: 2
00:57:01 | INFO: Extracting primitive: modular_chainlink_fence_1k_Plane_0213.004
00:57:01 | INFO: Primitives created: 2
00:57:01 | INFO: Extracting primitive: modular_chainlink_fence_1k_Plane_0213.005
00:57:01 | INFO: Primitives created: 2
00:57:01 | INFO: Extracting primitive: modular_chainlink_fence_1k_Plane_0213.006
00:57:01 | INFO: Primitives created: 2
00:57:01 | INFO: Extracting primitive: modular_chainlink_fence_1k_Plane_0213.007
00:57:01 | INFO: Primitives created: 2
00:57:01 | INFO: Extracting primitive: modular_chainlink_fence_1k_Plane_0213.008
00:57:01 | INFO: Primitives created: 2
00:57:01 | INFO: Extracting primitive: modular_chainlink_fence_1k_Plane_0213.009
00:57:01 | INFO: Primitives created: 2
00:57:01 | INFO: Extracting primitive: modular_chainlink_fence_1k_Cylinder_2043.003
00:57:01 | INFO: Primitives created: 1
00:57:01 | INFO: Extracting primitive: modular_chainlink_fence_1k_Cylinder_2043.004
00:57:01 | INFO: Primitives created: 1
00:57:01 | INFO: Extracting primitive: modular_chainlink_fence_1k_Cylinder_2043.005
00:57:01 | INFO: Primitives created: 1
00:57:01 | INFO: Extracting primitive: modular_chainlink_fence_1k_Cylinder_2043.006
00:57:01 | INFO: Primitives created: 1
00:57:01 | INFO: Extracting primitive: modular_chainlink_fence_1k_Cylinder_2043.007
00:57:01 | INFO: Primitives created: 1
00:57:03 | INFO: Finished glTF 2.0 export in 9.99642539024353 s

